--
-- Table structure for table `pavblog_blog`
--

CREATE TABLE IF NOT EXISTS `pavblog_blog` (
  `blog_id` int(11) NOT NULL AUTO_INCREMENT,
  `category_id` int(11) NOT NULL,
  `position` int(11) NOT NULL,
  `created` date NOT NULL,
  `status` tinyint(1) NOT NULL,
  `user_id` int(11) NOT NULL,
  `hits` int(11) NOT NULL,
  `image` varchar(255) NOT NULL,
  `meta_keyword` varchar(255) NOT NULL,
  `meta_description` varchar(255) NOT NULL,
  `meta_title` varchar(255) NOT NULL,
  `date_modified` date NOT NULL,
  `video_code` varchar(255) NOT NULL,
  `params` text NOT NULL,
  `tags` varchar(255) NOT NULL,
  `featured` tinyint(1) NOT NULL,
  `keyword` varchar(255) NOT NULL,
  PRIMARY KEY (`blog_id`)
) ENGINE=InnoDB  DEFAULT CHARSET=utf8 AUTO_INCREMENT=15 ;

--
-- Dumping data for table `pavblog_blog`
--

INSERT INTO `pavblog_blog` (`blog_id`, `category_id`, `position`, `created`, `status`, `user_id`, `hits`, `image`, `meta_keyword`, `meta_description`, `meta_title`, `date_modified`, `video_code`, `params`, `tags`, `featured`, `keyword`) VALUES
(7, 21, 2, '2013-03-09', 1, 1, 49, 'data/DemoImages/<{TEMPLATENAME}>/pavblog/pav-c1.jpg', '', '', '', '2013-10-12', '', '', 'joomla, prestashop, magento', 1, ''),
(9, 23, 0, '2013-03-09', 1, 1, 83, 'data/DemoImages/<{TEMPLATENAME}>/pavblog/pav-c2.jpg', '', '', '', '2013-10-12', '', '', 'prestashop, magento', 0, ''),
(10, 20, 0, '2013-03-09', 1, 1, 231, 'data/DemoImages/<{TEMPLATENAME}>/pavblog/pav-c3.jpg', 'test test', '', 'Custom SEO Titlte', '2013-10-12', '&lt;iframe width=&quot;560&quot; height=&quot;315&quot; src=&quot;http://www.youtube.com/embed/-ZsFrs2O8pI&quot; frameborder=&quot;0&quot; allowfullscreen&gt;&lt;/iframe&gt;', '', 'prestashop', 0, ''),
(11, 21, 0, '2013-03-11', 1, 1, 87, 'data/DemoImages/<{TEMPLATENAME}>/pavblog/pav-c4.jpg', '', '', '', '2013-10-12', '', '', 'opencart', 0, ''),
(12, 21, 0, '2013-10-12', 1, 1, 60, 'data/DemoImages/<{TEMPLATENAME}>/pavblog/pav-c3.jpg', '', '', '', '2013-10-12', '', '', 'pavotheme,magento', 1, ''),
(13, 24, 0, '2013-10-12', 1, 1, 51, 'data/DemoImages/<{TEMPLATENAME}>/pavblog/pav-c2.jpg', '', '', '', '2013-10-12', '', '', 'pavotheme,magento', 0, ''),
(14, 24, 0, '2013-10-12', 1, 1, 55, 'data/DemoImages/<{TEMPLATENAME}>/pavblog/pav-c5.jpg', '', '', '', '2013-10-12', '', '', 'pavotheme,magento', 1, '');

-- --------------------------------------------------------

--
-- Table structure for table `pavblog_blog_description`
--

CREATE TABLE IF NOT EXISTS `pavblog_blog_description` (
  `blog_id` int(11) NOT NULL,
  `language_id` int(11) NOT NULL,
  `title` varchar(255) NOT NULL,
  `description` text NOT NULL,
  `content` text NOT NULL
) ENGINE=InnoDB DEFAULT CHARSET=utf8;

--
-- Dumping data for table `pavblog_blog_description`
--

INSERT INTO `pavblog_blog_description` (`blog_id`, `language_id`, `title`, `description`, `content`) VALUES
(9, 2, 'Commodo laoreet semper tincidunt lorem ', '&lt;p&gt;Commodo laoreet semper tincidunt lorem Vestibulum nunc at In Curabitur magna. Euismod euismod Suspendisse tortor ante adipiscing risus Aenean Lorem vitae id. Odio ut pretium ligula quam Vestibulum consequat convallis fringilla Vestibulum nulla. Accumsan morbi tristique auctor Aenean nulla lacinia Nullam elit vel vel. At risus pretium urna tortor metus fringilla interdum mauris tempor congue&lt;/p&gt;\r\n', '&lt;div class=&quot;itemFullText&quot;&gt;\r\n&lt;p&gt;Commodo laoreet semper tincidunt lorem Vestibulum nunc at In Curabitur magna. Euismod euismod Suspendisse tortor ante adipiscing risus Aenean Lorem vitae id. Odio ut pretium ligula quam Vestibulum consequat convallis fringilla Vestibulum nulla. Accumsan morbi tristique auctor Aenean nulla lacinia Nullam elit vel vel. At risus pretium urna tortor metus fringilla interdum mauris tempor congue.&lt;/p&gt;\r\n\r\n&lt;p&gt;Donec tellus Nulla lorem Nullam elit id ut elit feugiat lacus. Congue eget dapibus congue tincidunt senectus nibh risus Phasellus tristique justo. Justo Pellentesque Donec lobortis faucibus Vestibulum Praesent mauris volutpat vitae metus. Ipsum cursus vestibulum at interdum Vivamus nunc fringilla Curabitur ac quis. Nam lacinia wisi tortor orci quis vitae.&lt;/p&gt;\r\n\r\n&lt;p&gt;Sed mauris Pellentesque elit Aliquam at lacus interdum nascetur elit ipsum. Enim ipsum hendrerit Suspendisse turpis laoreet fames tempus ligula pede ac. Et Lorem penatibus orci eu ultrices egestas Nam quam Vivamus nibh. Morbi condimentum molestie Nam enim odio sodales pretium eros sem pellentesque. Sit tellus Integer elit egestas lacus turpis id auctor nascetur ut. Ac elit vitae.&lt;/p&gt;\r\n\r\n&lt;p&gt;Mi vitae magnis Fusce laoreet nibh felis porttitor laoreet Vestibulum faucibus. At Nulla id tincidunt ut sed semper vel Lorem condimentum ornare. Laoreet Vestibulum lacinia massa a commodo habitasse velit Vestibulum tincidunt In. Turpis at eleifend leo mi elit Aenean porta ac sed faucibus. Nunc urna Morbi fringilla vitae orci convallis condimentum auctor sit dui. Urna pretium elit mauris cursus Curabitur at elit Vestibulum.&lt;/p&gt;\r\n&lt;/div&gt;\r\n'),
(9, 1, 'Commodo laoreet semper tincidunt lorem ', '&lt;p&gt;Commodo laoreet semper tincidunt lorem Vestibulum nunc at In Curabitur magna. Euismod euismod Suspendisse tortor ante adipiscing risus Aenean Lorem vitae id. Odio ut pretium ligula quam Vestibulum consequat convallis fringilla Vestibulum nulla. Accumsan morbi tristique auctor Aenean nulla lacinia Nullam elit vel vel. At risus pretium urna tortor metus fringilla interdum mauris tempor congue&lt;/p&gt;\r\n', '&lt;div class=&quot;itemFullText&quot;&gt;\r\n&lt;p&gt;Commodo laoreet semper tincidunt lorem Vestibulum nunc at In Curabitur magna. Euismod euismod Suspendisse tortor ante adipiscing risus Aenean Lorem vitae id. Odio ut pretium ligula quam Vestibulum consequat convallis fringilla Vestibulum nulla. Accumsan morbi tristique auctor Aenean nulla lacinia Nullam elit vel vel. At risus pretium urna tortor metus fringilla interdum mauris tempor congue.&lt;/p&gt;\r\n\r\n&lt;p&gt;Donec tellus Nulla lorem Nullam elit id ut elit feugiat lacus. Congue eget dapibus congue tincidunt senectus nibh risus Phasellus tristique justo. Justo Pellentesque Donec lobortis faucibus Vestibulum Praesent mauris volutpat vitae metus. Ipsum cursus vestibulum at interdum Vivamus nunc fringilla Curabitur ac quis. Nam lacinia wisi tortor orci quis vitae.&lt;/p&gt;\r\n\r\n&lt;p&gt;Sed mauris Pellentesque elit Aliquam at lacus interdum nascetur elit ipsum. Enim ipsum hendrerit Suspendisse turpis laoreet fames tempus ligula pede ac. Et Lorem penatibus orci eu ultrices egestas Nam quam Vivamus nibh. Morbi condimentum molestie Nam enim odio sodales pretium eros sem pellentesque. Sit tellus Integer elit egestas lacus turpis id auctor nascetur ut. Ac elit vitae.&lt;/p&gt;\r\n\r\n&lt;p&gt;Mi vitae magnis Fusce laoreet nibh felis porttitor laoreet Vestibulum faucibus. At Nulla id tincidunt ut sed semper vel Lorem condimentum ornare. Laoreet Vestibulum lacinia massa a commodo habitasse velit Vestibulum tincidunt In. Turpis at eleifend leo mi elit Aenean porta ac sed faucibus. Nunc urna Morbi fringilla vitae orci convallis condimentum auctor sit dui. Urna pretium elit mauris cursus Curabitur at elit Vestibulum.&lt;/p&gt;\r\n&lt;/div&gt;\r\n'),
(9, 3, 'Commodo laoreet semper tincidunt lorem ', '&lt;p&gt;Commodo laoreet semper tincidunt lorem Vestibulum nunc at In Curabitur magna. Euismod euismod Suspendisse tortor ante adipiscing risus Aenean Lorem vitae id. Odio ut pretium ligula quam Vestibulum consequat convallis fringilla Vestibulum nulla. Accumsan morbi tristique auctor Aenean nulla lacinia Nullam elit vel vel. At risus pretium urna tortor metus fringilla interdum mauris tempor congue&lt;/p&gt;\r\n', '&lt;div class=&quot;itemFullText&quot;&gt;\r\n&lt;p&gt;Commodo laoreet semper tincidunt lorem Vestibulum nunc at In Curabitur magna. Euismod euismod Suspendisse tortor ante adipiscing risus Aenean Lorem vitae id. Odio ut pretium ligula quam Vestibulum consequat convallis fringilla Vestibulum nulla. Accumsan morbi tristique auctor Aenean nulla lacinia Nullam elit vel vel. At risus pretium urna tortor metus fringilla interdum mauris tempor congue.&lt;/p&gt;\r\n\r\n&lt;p&gt;Donec tellus Nulla lorem Nullam elit id ut elit feugiat lacus. Congue eget dapibus congue tincidunt senectus nibh risus Phasellus tristique justo. Justo Pellentesque Donec lobortis faucibus Vestibulum Praesent mauris volutpat vitae metus. Ipsum cursus vestibulum at interdum Vivamus nunc fringilla Curabitur ac quis. Nam lacinia wisi tortor orci quis vitae.&lt;/p&gt;\r\n\r\n&lt;p&gt;Sed mauris Pellentesque elit Aliquam at lacus interdum nascetur elit ipsum. Enim ipsum hendrerit Suspendisse turpis laoreet fames tempus ligula pede ac. Et Lorem penatibus orci eu ultrices egestas Nam quam Vivamus nibh. Morbi condimentum molestie Nam enim odio sodales pretium eros sem pellentesque. Sit tellus Integer elit egestas lacus turpis id auctor nascetur ut. Ac elit vitae.&lt;/p&gt;\r\n\r\n&lt;p&gt;Mi vitae magnis Fusce laoreet nibh felis porttitor laoreet Vestibulum faucibus. At Nulla id tincidunt ut sed semper vel Lorem condimentum ornare. Laoreet Vestibulum lacinia massa a commodo habitasse velit Vestibulum tincidunt In. Turpis at eleifend leo mi elit Aenean porta ac sed faucibus. Nunc urna Morbi fringilla vitae orci convallis condimentum auctor sit dui. Urna pretium elit mauris cursus Curabitur at elit Vestibulum.&lt;/p&gt;\r\n&lt;/div&gt;\r\n'),
(10, 2, 'Neque porro quisquam est, qui dolorem ipsum', '&lt;p&gt;&quot;Sed ut perspiciatis unde omnis iste natus error sit voluptatem accusantium doloremque laudantium, totam rem aperiam, eaque ipsa quae ab illo inventore veritatis et quasi architecto beatae vitae dicta sunt explicabo. Nemo enim ipsam voluptatem quia voluptas sit aspernatur aut odit aut fugit, sed quia consequuntur magni dolores eos qui ratione voluptatem sequi nesciunt.&lt;/p&gt;\r\n', '&lt;p&gt;Neque porro quisquam est, qui dolorem ipsum quia dolor sit amet, consectetur, adipisci velit, sed quia non numquam eius modi tempora incidunt ut labore et dolore magnam aliquam quaerat voluptatem. Ut enim ad minima veniam, quis nostrum exercitationem ullam corporis suscipit laboriosam, nisi ut aliquid ex ea commodi consequatur? Quis autem vel eum iure reprehenderit qui in ea voluptate velit esse quam nihil molestiae consequatur, vel illum qui dolorem eum fugiat quo voluptas nulla pariatur? Neque porro quisquam est, qui dolorem ipsum quia dolor sit amet, consectetur, adipisci velit, sed quia non numquam eius modi tempora incidunt ut labore et dolore magnam aliquam quaerat voluptatem. Ut enim ad minima veniam, quis nostrum exercitationem ullam corporis suscipit laboriosam, nisi ut aliquid ex ea commodi consequatur? Quis autem vel eum iure reprehenderit qui in ea voluptate velit esse quam nihil molestiae consequatur, vel illum qui dolorem eum fugiat quo voluptas nulla pariatur? Neque porro quisquam est, qui dolorem ipsum quia dolor sit amet, consectetur, adipisci velit, sed quia non numquam eius modi tempora incidunt ut labore et dolore magnam aliquam quaerat voluptatem. Ut enim ad minima veniam, quis nostrum exercitationem ullam corporis suscipit laboriosam, nisi ut aliquid ex ea commodi consequatur? Quis autem vel eum iure reprehenderit qui in ea voluptate velit esse quam nihil molestiae consequatur, vel illum qui dolorem eum fugiat quo voluptas nulla pariatur?&lt;/p&gt;\r\n'),
(10, 1, 'Neque porro quisquam est, qui dolorem ipsum', '&lt;p&gt;&quot;Sed ut perspiciatis unde omnis iste natus error sit voluptatem accusantium doloremque laudantium, totam rem aperiam, eaque ipsa quae ab illo inventore veritatis et quasi architecto beatae vitae dicta sunt explicabo. Nemo enim ipsam voluptatem quia voluptas sit aspernatur aut odit aut fugit, sed quia consequuntur magni dolores eos qui ratione voluptatem sequi nesciunt.&lt;/p&gt;\r\n', '&lt;p&gt;Neque porro quisquam est, qui dolorem ipsum quia dolor sit amet, consectetur, adipisci velit, sed quia non numquam eius modi tempora incidunt ut labore et dolore magnam aliquam quaerat voluptatem. Ut enim ad minima veniam, quis nostrum exercitationem ullam corporis suscipit laboriosam, nisi ut aliquid ex ea commodi consequatur? Quis autem vel eum iure reprehenderit qui in ea voluptate velit esse quam nihil molestiae consequatur, vel illum qui dolorem eum fugiat quo voluptas nulla pariatur? Neque porro quisquam est, qui dolorem ipsum quia dolor sit amet, consectetur, adipisci velit, sed quia non numquam eius modi tempora incidunt ut labore et dolore magnam aliquam quaerat voluptatem. Ut enim ad minima veniam, quis nostrum exercitationem ullam corporis suscipit laboriosam, nisi ut aliquid ex ea commodi consequatur? Quis autem vel eum iure reprehenderit qui in ea voluptate velit esse quam nihil molestiae consequatur, vel illum qui dolorem eum fugiat quo voluptas nulla pariatur? Neque porro quisquam est, qui dolorem ipsum quia dolor sit amet, consectetur, adipisci velit, sed quia non numquam eius modi tempora incidunt ut labore et dolore magnam aliquam quaerat voluptatem. Ut enim ad minima veniam, quis nostrum exercitationem ullam corporis suscipit laboriosam, nisi ut aliquid ex ea commodi consequatur? Quis autem vel eum iure reprehenderit qui in ea voluptate velit esse quam nihil molestiae consequatur, vel illum qui dolorem eum fugiat quo voluptas nulla pariatur?&lt;/p&gt;\r\n'),
(10, 3, 'Neque porro quisquam est, qui dolorem ipsum', '&lt;p&gt;&quot;Sed ut perspiciatis unde omnis iste natus error sit voluptatem accusantium doloremque laudantium, totam rem aperiam, eaque ipsa quae ab illo inventore veritatis et quasi architecto beatae vitae dicta sunt explicabo. Nemo enim ipsam voluptatem quia voluptas sit aspernatur aut odit aut fugit, sed quia consequuntur magni dolores eos qui ratione voluptatem sequi nesciunt.&lt;/p&gt;\r\n', '&lt;p&gt;Neque porro quisquam est, qui dolorem ipsum quia dolor sit amet, consectetur, adipisci velit, sed quia non numquam eius modi tempora incidunt ut labore et dolore magnam aliquam quaerat voluptatem. Ut enim ad minima veniam, quis nostrum exercitationem ullam corporis suscipit laboriosam, nisi ut aliquid ex ea commodi consequatur? Quis autem vel eum iure reprehenderit qui in ea voluptate velit esse quam nihil molestiae consequatur, vel illum qui dolorem eum fugiat quo voluptas nulla pariatur? Neque porro quisquam est, qui dolorem ipsum quia dolor sit amet, consectetur, adipisci velit, sed quia non numquam eius modi tempora incidunt ut labore et dolore magnam aliquam quaerat voluptatem. Ut enim ad minima veniam, quis nostrum exercitationem ullam corporis suscipit laboriosam, nisi ut aliquid ex ea commodi consequatur? Quis autem vel eum iure reprehenderit qui in ea voluptate velit esse quam nihil molestiae consequatur, vel illum qui dolorem eum fugiat quo voluptas nulla pariatur? Neque porro quisquam est, qui dolorem ipsum quia dolor sit amet, consectetur, adipisci velit, sed quia non numquam eius modi tempora incidunt ut labore et dolore magnam aliquam quaerat voluptatem. Ut enim ad minima veniam, quis nostrum exercitationem ullam corporis suscipit laboriosam, nisi ut aliquid ex ea commodi consequatur? Quis autem vel eum iure reprehenderit qui in ea voluptate velit esse quam nihil molestiae consequatur, vel illum qui dolorem eum fugiat quo voluptas nulla pariatur?&lt;/p&gt;\r\n'),
(11, 2, 'Donec tellus Nulla lorem Nullam elit id ut', '&lt;p&gt;Donec tellus Nulla lorem Nullam elit id ut elit feugiat lacus. Congue eget dapibus congue tincidunt senectus nibh risus Phasellus tristique justo. Justo Pellentesque Donec lobortis faucibus Vestibulum Praesent mauris volutpat vitae metus. Ipsum cursus vestibulum at interdum Vivamus nunc fringilla Curabitur ac quis. Nam lacinia wisi tortor orci quis vitae.Commodo laoreet semper tincidunt lorem Vestibulum nunc at In Curabitur magna.&lt;/p&gt;\r\n', '&lt;div class=&quot;itemFullText&quot;&gt;\r\n&lt;p&gt;Accumsan morbi tristique auctor Aenean nulla lacinia Nullam elit vel vel. At risus pretium urna tortor metus fringilla interdum mauris tempor congue.&lt;/p&gt;\r\n\r\n&lt;p&gt;Donec tellus Nulla lorem Nullam elit id ut elit feugiat lacus. Congue eget dapibus congue tincidunt senectus nibh risus Phasellus tristique justo. Justo Pellentesque Donec lobortis faucibus Vestibulum Praesent mauris volutpat vitae metus. Ipsum cursus vestibulum at interdum Vivamus nunc fringilla Curabitur ac quis. Nam lacinia wisi tortor orci quis vitae.&lt;/p&gt;\r\n\r\n&lt;p&gt;Sed mauris Pellentesque elit Aliquam at lacus interdum nascetur elit ipsum. Enim ipsum hendrerit Suspendisse turpis laoreet fames tempus ligula pede ac. Et Lorem penatibus orci eu ultrices egestas Nam quam Vivamus nibh. Morbi condimentum molestie Nam enim odio sodales pretium eros sem pellentesque. Sit tellus Integer elit egestas lacus turpis id auctor nascetur ut. Ac elit vitae.&lt;/p&gt;\r\n\r\n&lt;p&gt;Mi vitae magnis Fusce laoreet nibh felis porttitor laoreet Vestibulum faucibus. At Nulla id tincidunt ut sed semper vel Lorem condimentum ornare. Laoreet Vestibulum lacinia massa a commodo habitasse velit Vestibulum tincidunt In. Turpis at eleifend leo mi elit Aenean porta ac sed faucibus. Nunc urna Morbi fringilla vitae orci convallis condimentum auctor sit dui. Urna pretium elit mauris cursus Curabitur at elit Vestibulum.&lt;/p&gt;\r\n&lt;/div&gt;\r\n'),
(11, 1, 'Donec tellus Nulla lorem Nullam elit id ut', '&lt;p&gt;Donec tellus Nulla lorem Nullam elit id ut elit feugiat lacus. Congue eget dapibus congue tincidunt senectus nibh risus Phasellus tristique justo. Justo Pellentesque Donec lobortis faucibus Vestibulum Praesent mauris volutpat vitae metus. Ipsum cursus vestibulum at interdum Vivamus nunc fringilla Curabitur ac quis. Nam lacinia wisi tortor orci quis vitae.Commodo laoreet semper tincidunt lorem Vestibulum nunc at In Curabitur magna.&lt;/p&gt;\r\n', '&lt;div class=&quot;itemFullText&quot;&gt;\r\n&lt;p&gt;Commodo laoreet semper tincidunt lorem Vestibulum nunc at In Curabitur magna. Euismod euismod Suspendisse tortor ante adipiscing risus Aenean Lorem vitae id. Odio ut pretium ligula quam Vestibulum consequat convallis fringilla Vestibulum nulla. Accumsan morbi tristique auctor Aenean nulla lacinia Nullam elit vel vel. At risus pretium urna tortor metus fringilla interdum mauris tempor congue.&lt;/p&gt;\r\n\r\n&lt;p&gt;Donec tellus Nulla lorem Nullam elit id ut elit feugiat lacus. Congue eget dapibus congue tincidunt senectus nibh risus Phasellus tristique justo. Justo Pellentesque Donec lobortis faucibus Vestibulum Praesent mauris volutpat vitae metus. Ipsum cursus vestibulum at interdum Vivamus nunc fringilla Curabitur ac quis. Nam lacinia wisi tortor orci quis vitae.&lt;/p&gt;\r\n\r\n&lt;p&gt;Sed mauris Pellentesque elit Aliquam at lacus interdum nascetur elit ipsum. Enim ipsum hendrerit Suspendisse turpis laoreet fames tempus ligula pede ac. Et Lorem penatibus orci eu ultrices egestas Nam quam Vivamus nibh. Morbi condimentum molestie Nam enim odio sodales pretium eros sem pellentesque. Sit tellus Integer elit egestas lacus turpis id auctor nascetur ut. Ac elit vitae.&lt;/p&gt;\r\n\r\n&lt;p&gt;Mi vitae magnis Fusce laoreet nibh felis porttitor laoreet Vestibulum faucibus. At Nulla id tincidunt ut sed semper vel Lorem condimentum ornare. Laoreet Vestibulum lacinia massa a commodo habitasse velit Vestibulum tincidunt In. Turpis at eleifend leo mi elit Aenean porta ac sed faucibus. Nunc urna Morbi fringilla vitae orci convallis condimentum auctor sit dui. Urna pretium elit mauris cursus Curabitur at elit Vestibulum.&lt;/p&gt;\r\n&lt;/div&gt;\r\n'),
(11, 3, 'Donec tellus Nulla lorem Nullam elit id ut', '&lt;p&gt;Donec tellus Nulla lorem Nullam elit id ut elit feugiat lacus. Congue eget dapibus congue tincidunt senectus nibh risus Phasellus tristique justo. Justo Pellentesque Donec lobortis faucibus Vestibulum Praesent mauris volutpat vitae metus. Ipsum cursus vestibulum at interdum Vivamus nunc fringilla Curabitur ac quis. Nam lacinia wisi tortor orci quis vitae.Commodo laoreet semper tincidunt lorem Vestibulum nunc at In Curabitur magna.&lt;/p&gt;\r\n', '&lt;div class=&quot;itemFullText&quot;&gt;\r\n&lt;p&gt;Commodo laoreet semper tincidunt lorem Vestibulum nunc at In Curabitur magna. Euismod euismod Suspendisse tortor ante adipiscing risus Aenean Lorem vitae id. Odio ut pretium ligula quam Vestibulum consequat convallis fringilla Vestibulum nulla. Accumsan morbi tristique auctor Aenean nulla lacinia Nullam elit vel vel. At risus pretium urna tortor metus fringilla interdum mauris tempor congue.&lt;/p&gt;\r\n\r\n&lt;p&gt;Donec tellus Nulla lorem Nullam elit id ut elit feugiat lacus. Congue eget dapibus congue tincidunt senectus nibh risus Phasellus tristique justo. Justo Pellentesque Donec lobortis faucibus Vestibulum Praesent mauris volutpat vitae metus. Ipsum cursus vestibulum at interdum Vivamus nunc fringilla Curabitur ac quis. Nam lacinia wisi tortor orci quis vitae.&lt;/p&gt;\r\n\r\n&lt;p&gt;Sed mauris Pellentesque elit Aliquam at lacus interdum nascetur elit ipsum. Enim ipsum hendrerit Suspendisse turpis laoreet fames tempus ligula pede ac. Et Lorem penatibus orci eu ultrices egestas Nam quam Vivamus nibh. Morbi condimentum molestie Nam enim odio sodales pretium eros sem pellentesque. Sit tellus Integer elit egestas lacus turpis id auctor nascetur ut. Ac elit vitae.&lt;/p&gt;\r\n\r\n&lt;p&gt;Mi vitae magnis Fusce laoreet nibh felis porttitor laoreet Vestibulum faucibus. At Nulla id tincidunt ut sed semper vel Lorem condimentum ornare. Laoreet Vestibulum lacinia massa a commodo habitasse velit Vestibulum tincidunt In. Turpis at eleifend leo mi elit Aenean porta ac sed faucibus. Nunc urna Morbi fringilla vitae orci convallis condimentum auctor sit dui. Urna pretium elit mauris cursus Curabitur at elit Vestibulum.&lt;/p&gt;\r\n&lt;/div&gt;\r\n'),
(12, 2, 'Neque porro quisquam est', '&lt;p&gt;Sed ut perspiciatis unde omnis iste natus error sit voluptatem accusantium doloremque laudantium, totam rem aperiam, eaque ipsa quae ab illo inventore veritatis et quasi architecto beatae vitae dicta sunt explicabo. Nemo enim ipsam voluptatem quia voluptas sit aspernatur aut odit aut fugit.Neque porro quisquam est, qui dolorem ipsum quia dolor sit amet, consectetur, adipisci velit, sed quia non numquam eius modi tempora incidunt ut labore et dolore magnam aliquam quaerat voluptatem&lt;/p&gt;\r\n', '&lt;p&gt;Neque porro quisquam est, qui dolorem ipsum quia dolor sit amet, consectetur, adipisci velit, sed quia non numquam eius modi tempora incidunt ut labore et dolore magnam aliquam quaerat voluptatem. Ut enim ad minima veniam, quis nostrum exercitationem ullam corporis suscipit laboriosam, nisi ut aliquid ex ea commodi consequatur? Quis autem vel eum iure reprehenderit qui in ea voluptate velit esse quam nihil molestiae consequatur, vel illum qui dolorem eum fugiat quo voluptas nulla pariatur? Neque porro quisquam est, qui dolorem ipsum quia dolor sit amet, consectetur, adipisci velit, sed quia non numquam eius modi tempora incidunt ut labore et dolore magnam aliquam quaerat voluptatem. Ut enim ad minima veniam, quis nostrum exercitationem ullam corporis suscipit laboriosam, nisi ut aliquid ex ea commodi consequatur? Quis autem vel eum iure reprehenderit qui in ea voluptate velit esse quam nihil molestiae consequatur, vel illum qui dolorem eum fugiat quo voluptas nulla pariatur? Neque porro quisquam est, qui dolorem ipsum quia dolor sit amet, consectetur, adipisci velit, sed quia non numquam eius modi tempora incidunt ut labore et dolore magnam aliquam quaerat voluptatem. Ut enim ad minima veniam, quis nostrum exercitationem ullam corporis suscipit laboriosam, nisi ut aliquid ex ea commodi consequatur? Quis autem vel eum iure reprehenderit qui in ea voluptate velit esse quam nihil molestiae consequatur, vel illum qui dolorem eum fugiat quo voluptas nulla pariatur?&lt;/p&gt;\r\n'),
(12, 1, 'Neque porro quisquam est', '&lt;p&gt;Sed ut perspiciatis unde omnis iste natus error sit voluptatem accusantium doloremque laudantium, totam rem aperiam, eaque ipsa quae ab illo inventore veritatis et quasi architecto beatae vitae dicta sunt explicabo. Nemo enim ipsam voluptatem quia voluptas sit aspernatur aut odit aut fugit.Neque porro quisquam est, qui dolorem ipsum quia dolor sit amet, consectetur, adipisci velit, sed quia non numquam eius modi tempora incidunt ut labore et dolore magnam aliquam quaerat voluptatem&lt;/p&gt;\r\n', '&lt;p&gt;Neque porro quisquam est, qui dolorem ipsum quia dolor sit amet, consectetur, adipisci velit, sed quia non numquam eius modi tempora incidunt ut labore et dolore magnam aliquam quaerat voluptatem. Ut enim ad minima veniam, quis nostrum exercitationem ullam corporis suscipit laboriosam, nisi ut aliquid ex ea commodi consequatur? Quis autem vel eum iure reprehenderit qui in ea voluptate velit esse quam nihil molestiae consequatur, vel illum qui dolorem eum fugiat quo voluptas nulla pariatur? Neque porro quisquam est, qui dolorem ipsum quia dolor sit amet, consectetur, adipisci velit, sed quia non numquam eius modi tempora incidunt ut labore et dolore magnam aliquam quaerat voluptatem. Ut enim ad minima veniam, quis nostrum exercitationem ullam corporis suscipit laboriosam, nisi ut aliquid ex ea commodi consequatur? Quis autem vel eum iure reprehenderit qui in ea voluptate velit esse quam nihil molestiae consequatur, vel illum qui dolorem eum fugiat quo voluptas nulla pariatur? Neque porro quisquam est, qui dolorem ipsum quia dolor sit amet, consectetur, adipisci velit, sed quia non numquam eius modi tempora incidunt ut labore et dolore magnam aliquam quaerat voluptatem. Ut enim ad minima veniam, quis nostrum exercitationem ullam corporis suscipit laboriosam, nisi ut aliquid ex ea commodi consequatur? Quis autem vel eum iure reprehenderit qui in ea voluptate velit esse quam nihil molestiae consequatur, vel illum qui dolorem eum fugiat quo voluptas nulla pariatur?&lt;/p&gt;\r\n'),
(12, 3, 'Neque porro quisquam est', '&lt;p&gt;Sed ut perspiciatis unde omnis iste natus error sit voluptatem accusantium doloremque laudantium, totam rem aperiam, eaque ipsa quae ab illo inventore veritatis et quasi architecto beatae vitae dicta sunt explicabo. Nemo enim ipsam voluptatem quia voluptas sit aspernatur aut odit aut fugit.Neque porro quisquam est, qui dolorem ipsum quia dolor sit amet, consectetur, adipisci velit, sed quia non numquam eius modi tempora incidunt ut labore et dolore magnam aliquam quaerat voluptatem&lt;/p&gt;\r\n', '&lt;p&gt;Neque porro quisquam est, qui dolorem ipsum quia dolor sit amet, consectetur, adipisci velit, sed quia non numquam eius modi tempora incidunt ut labore et dolore magnam aliquam quaerat voluptatem. Ut enim ad minima veniam, quis nostrum exercitationem ullam corporis suscipit laboriosam, nisi ut aliquid ex ea commodi consequatur? Quis autem vel eum iure reprehenderit qui in ea voluptate velit esse quam nihil molestiae consequatur, vel illum qui dolorem eum fugiat quo voluptas nulla pariatur? Neque porro quisquam est, qui dolorem ipsum quia dolor sit amet, consectetur, adipisci velit, sed quia non numquam eius modi tempora incidunt ut labore et dolore magnam aliquam quaerat voluptatem. Ut enim ad minima veniam, quis nostrum exercitationem ullam corporis suscipit laboriosam, nisi ut aliquid ex ea commodi consequatur? Quis autem vel eum iure reprehenderit qui in ea voluptate velit esse quam nihil molestiae consequatur, vel illum qui dolorem eum fugiat quo voluptas nulla pariatur? Neque porro quisquam est, qui dolorem ipsum quia dolor sit amet, consectetur, adipisci velit, sed quia non numquam eius modi tempora incidunt ut labore et dolore magnam aliquam quaerat voluptatem. Ut enim ad minima veniam, quis nostrum exercitationem ullam corporis suscipit laboriosam, nisi ut aliquid ex ea commodi consequatur? Quis autem vel eum iure reprehenderit qui in ea voluptate velit esse quam nihil molestiae consequatur, vel illum qui dolorem eum fugiat quo voluptas nulla pariatur?&lt;/p&gt;\r\n'),
(7, 2, 'Ac tincidunt Suspendisse malesuada', '&lt;p&gt;Ac tincidunt Suspendisse malesuada velit in Nullam elit magnis netus Vestibulum. Praesent Nam adipiscing Aliquam elit accumsan wisi sit semper scelerisque convallis. Sed quisque cum velit Euismod euismod Suspendisse tortor ante adipiscing risus Aenean Lorem vitae id. Odio ut pretium ligula quam Vestibulum consequat convallis fringilla Vestibulum nulla. Accumsan morbi tristique auctor Aenean nulla lacinia Nullam elit vel vel.&lt;/p&gt;\r\n', '&lt;div class=&quot;itemFullText&quot;&gt;\r\n&lt;p&gt;Commodo laoreet semper tincidunt lorem Vestibulum nunc at In Curabitur magna. Euismod euismod Suspendisse tortor ante adipiscing risus Aenean Lorem vitae id. Odio ut pretium ligula quam Vestibulum consequat convallis fringilla Vestibulum nulla. Accumsan morbi tristique auctor Aenean nulla lacinia Nullam elit vel vel. At risus pretium urna tortor metus fringilla interdum mauris tempor congue.&lt;/p&gt;\r\n\r\n&lt;p&gt;Donec tellus Nulla lorem Nullam elit id ut elit feugiat lacus. Congue eget dapibus congue tincidunt senectus nibh risus Phasellus tristique justo. Justo Pellentesque Donec lobortis faucibus Vestibulum Praesent mauris volutpat vitae metus. Ipsum cursus vestibulum at interdum Vivamus nunc fringilla Curabitur ac quis. Nam lacinia wisi tortor orci quis vitae.&lt;/p&gt;\r\n\r\n&lt;p&gt;Sed mauris Pellentesque elit Aliquam at lacus interdum nascetur elit ipsum. Enim ipsum hendrerit Suspendisse turpis laoreet fames tempus ligula pede ac. Et Lorem penatibus orci eu ultrices egestas Nam quam Vivamus nibh. Morbi condimentum molestie Nam enim odio sodales pretium eros sem pellentesque. Sit tellus Integer elit egestas lacus turpis id auctor nascetur ut. Ac elit vitae.&lt;/p&gt;\r\n\r\n&lt;p&gt;Mi vitae magnis Fusce laoreet nibh felis porttitor laoreet Vestibulum faucibus. At Nulla id tincidunt ut sed semper vel Lorem condimentum ornare. Laoreet Vestibulum lacinia massa a commodo habitasse velit Vestibulum tincidunt In. Turpis at eleifend leo mi elit Aenean porta ac sed faucibus. Nunc urna Morbi fringilla vitae orci convallis condimentum auctor sit dui. Urna pretium elit mauris cursus Curabitur at elit Vestibulum.&lt;/p&gt;\r\n&lt;/div&gt;\r\n'),
(7, 1, 'Ac tincidunt Suspendisse malesuada', '&lt;p&gt;Ac tincidunt Suspendisse malesuada velit in Nullam elit magnis netus Vestibulum. Praesent Nam adipiscing Aliquam elit accumsan wisi sit semper scelerisque convallis. Sed quisque cum velit Euismod euismod Suspendisse tortor ante adipiscing risus Aenean Lorem vitae id. Odio ut pretium ligula quam Vestibulum consequat convallis fringilla Vestibulum nulla. Accumsan morbi tristique auctor Aenean nulla lacinia Nullam elit vel vel.&lt;/p&gt;\r\n', '&lt;div class=&quot;itemFullText&quot;&gt;\r\n&lt;p&gt;Commodo laoreet semper tincidunt lorem Vestibulum nunc at In Curabitur magna. Euismod euismod Suspendisse tortor ante adipiscing risus Aenean Lorem vitae id. Odio ut pretium ligula quam Vestibulum consequat convallis fringilla Vestibulum nulla. Accumsan morbi tristique auctor Aenean nulla lacinia Nullam elit vel vel. At risus pretium urna tortor metus fringilla interdum mauris tempor congue.&lt;/p&gt;\r\n\r\n&lt;p&gt;Donec tellus Nulla lorem Nullam elit id ut elit feugiat lacus. Congue eget dapibus congue tincidunt senectus nibh risus Phasellus tristique justo. Justo Pellentesque Donec lobortis faucibus Vestibulum Praesent mauris volutpat vitae metus. Ipsum cursus vestibulum at interdum Vivamus nunc fringilla Curabitur ac quis. Nam lacinia wisi tortor orci quis vitae.&lt;/p&gt;\r\n\r\n&lt;p&gt;Sed mauris Pellentesque elit Aliquam at lacus interdum nascetur elit ipsum. Enim ipsum hendrerit Suspendisse turpis laoreet fames tempus ligula pede ac. Et Lorem penatibus orci eu ultrices egestas Nam quam Vivamus nibh. Morbi condimentum molestie Nam enim odio sodales pretium eros sem pellentesque. Sit tellus Integer elit egestas lacus turpis id auctor nascetur ut. Ac elit vitae.&lt;/p&gt;\r\n\r\n&lt;p&gt;Mi vitae magnis Fusce laoreet nibh felis porttitor laoreet Vestibulum faucibus. At Nulla id tincidunt ut sed semper vel Lorem condimentum ornare. Laoreet Vestibulum lacinia massa a commodo habitasse velit Vestibulum tincidunt In. Turpis at eleifend leo mi elit Aenean porta ac sed faucibus. Nunc urna Morbi fringilla vitae orci convallis condimentum auctor sit dui. Urna pretium elit mauris cursus Curabitur at elit Vestibulum.&lt;/p&gt;\r\n&lt;/div&gt;\r\n'),
(7, 3, 'Ac tincidunt Suspendisse malesuada', '&lt;p&gt;Ac tincidunt Suspendisse malesuada velit in Nullam elit magnis netus Vestibulum. Praesent Nam adipiscing Aliquam elit accumsan wisi sit semper scelerisque convallis. Sed quisque cum velit Euismod euismod Suspendisse tortor ante adipiscing risus Aenean Lorem vitae id. Odio ut pretium ligula quam Vestibulum consequat convallis fringilla Vestibulum nulla. Accumsan morbi tristique auctor Aenean nulla lacinia Nullam elit vel vel.&lt;/p&gt;\r\n', '&lt;div class=&quot;itemFullText&quot;&gt;\r\n&lt;p&gt;Commodo laoreet semper tincidunt lorem Vestibulum nunc at In Curabitur magna. Euismod euismod Suspendisse tortor ante adipiscing risus Aenean Lorem vitae id. Odio ut pretium ligula quam Vestibulum consequat convallis fringilla Vestibulum nulla. Accumsan morbi tristique auctor Aenean nulla lacinia Nullam elit vel vel. At risus pretium urna tortor metus fringilla interdum mauris tempor congue.&lt;/p&gt;\r\n\r\n&lt;p&gt;Donec tellus Nulla lorem Nullam elit id ut elit feugiat lacus. Congue eget dapibus congue tincidunt senectus nibh risus Phasellus tristique justo. Justo Pellentesque Donec lobortis faucibus Vestibulum Praesent mauris volutpat vitae metus. Ipsum cursus vestibulum at interdum Vivamus nunc fringilla Curabitur ac quis. Nam lacinia wisi tortor orci quis vitae.&lt;/p&gt;\r\n\r\n&lt;p&gt;Sed mauris Pellentesque elit Aliquam at lacus interdum nascetur elit ipsum. Enim ipsum hendrerit Suspendisse turpis laoreet fames tempus ligula pede ac. Et Lorem penatibus orci eu ultrices egestas Nam quam Vivamus nibh. Morbi condimentum molestie Nam enim odio sodales pretium eros sem pellentesque. Sit tellus Integer elit egestas lacus turpis id auctor nascetur ut. Ac elit vitae.&lt;/p&gt;\r\n\r\n&lt;p&gt;Mi vitae magnis Fusce laoreet nibh felis porttitor laoreet Vestibulum faucibus. At Nulla id tincidunt ut sed semper vel Lorem condimentum ornare. Laoreet Vestibulum lacinia massa a commodo habitasse velit Vestibulum tincidunt In. Turpis at eleifend leo mi elit Aenean porta ac sed faucibus. Nunc urna Morbi fringilla vitae orci convallis condimentum auctor sit dui. Urna pretium elit mauris cursus Curabitur at elit Vestibulum.&lt;/p&gt;\r\n&lt;/div&gt;\r\n'),
(13, 2, 'Commodo laoreet semper', '&lt;p&gt;Commodo laoreet semper tincidunt lorem Vestibulum nunc at In Curabitur magna. Euismod euismod Suspendisse tortor ante adipiscing risus Aenean Lorem vitae id. Odio ut pretium ligula quam Vestibulum consequat convallis fringilla Vestibulum nulla. Accumsan morbi tristique auctor Aenean nulla lacinia Nullam elit vel vel.&lt;/p&gt;\r\n', '&lt;div class=&quot;blog-content clearfix&quot;&gt;\r\n&lt;div class=&quot;content-wrap clearfix&quot;&gt;\r\n&lt;div class=&quot;itemFullText&quot;&gt;\r\n&lt;p&gt;Commodo laoreet semper tincidunt lorem Vestibulum nunc at In Curabitur magna. Euismod euismod Suspendisse tortor ante adipiscing risus Aenean Lorem vitae id. Odio ut pretium ligula quam Vestibulum consequat convallis fringilla Vestibulum nulla. Accumsan morbi tristique auctor Aenean nulla lacinia Nullam elit vel vel. At risus pretium urna tortor metus fringilla interdum mauris tempor congue.&lt;/p&gt;\r\n\r\n&lt;p&gt;Donec tellus Nulla lorem Nullam elit id ut elit feugiat lacus. Congue eget dapibus congue tincidunt senectus nibh risus Phasellus tristique justo. Justo Pellentesque Donec lobortis faucibus Vestibulum Praesent mauris volutpat vitae metus. Ipsum cursus vestibulum at interdum Vivamus nunc fringilla Curabitur ac quis. Nam lacinia wisi tortor orci quis vitae.&lt;/p&gt;\r\n\r\n&lt;p&gt;Sed mauris Pellentesque elit Aliquam at lacus interdum nascetur elit ipsum. Enim ipsum hendrerit Suspendisse turpis laoreet fames tempus ligula pede ac. Et Lorem penatibus orci eu ultrices egestas Nam quam Vivamus nibh. Morbi condimentum molestie Nam enim odio sodales pretium eros sem pellentesque. Sit tellus Integer elit egestas lacus turpis id auctor nascetur ut. Ac elit vitae.&lt;/p&gt;\r\n\r\n&lt;p&gt;Mi vitae magnis Fusce laoreet nibh felis porttitor laoreet Vestibulum faucibus. At Nulla id tincidunt ut sed semper vel Lorem condimentum ornare. Laoreet Vestibulum lacinia massa a commodo habitasse velit Vestibulum tincidunt In. Turpis at eleifend leo mi elit Aenean porta ac sed faucibus. Nunc urna Morbi fringilla vitae orci convallis condimentum auctor sit dui. Urna pretium elit mauris cursus Curabitur at elit Vestibulum.&lt;/p&gt;\r\n&lt;/div&gt;\r\n&lt;/div&gt;\r\n&lt;/div&gt;\r\n'),
(13, 1, 'Commodo laoreet semper', '&lt;p&gt;Commodo laoreet semper tincidunt lorem Vestibulum nunc at In Curabitur magna. Euismod euismod Suspendisse tortor ante adipiscing risus Aenean Lorem vitae id. Odio ut pretium ligula quam Vestibulum consequat convallis fringilla Vestibulum nulla. Accumsan morbi tristique auctor Aenean nulla lacinia Nullam elit vel vel.&lt;/p&gt;\r\n', '&lt;div class=&quot;blog-content clearfix&quot;&gt;\r\n&lt;div class=&quot;content-wrap clearfix&quot;&gt;\r\n&lt;div class=&quot;itemFullText&quot;&gt;\r\n&lt;p&gt;Commodo laoreet semper tincidunt lorem Vestibulum nunc at In Curabitur magna. Euismod euismod Suspendisse tortor ante adipiscing risus Aenean Lorem vitae id. Odio ut pretium ligula quam Vestibulum consequat convallis fringilla Vestibulum nulla. Accumsan morbi tristique auctor Aenean nulla lacinia Nullam elit vel vel. At risus pretium urna tortor metus fringilla interdum mauris tempor congue.&lt;/p&gt;\r\n\r\n&lt;p&gt;Donec tellus Nulla lorem Nullam elit id ut elit feugiat lacus. Congue eget dapibus congue tincidunt senectus nibh risus Phasellus tristique justo. Justo Pellentesque Donec lobortis faucibus Vestibulum Praesent mauris volutpat vitae metus. Ipsum cursus vestibulum at interdum Vivamus nunc fringilla Curabitur ac quis. Nam lacinia wisi tortor orci quis vitae.&lt;/p&gt;\r\n\r\n&lt;p&gt;Sed mauris Pellentesque elit Aliquam at lacus interdum nascetur elit ipsum. Enim ipsum hendrerit Suspendisse turpis laoreet fames tempus ligula pede ac. Et Lorem penatibus orci eu ultrices egestas Nam quam Vivamus nibh. Morbi condimentum molestie Nam enim odio sodales pretium eros sem pellentesque. Sit tellus Integer elit egestas lacus turpis id auctor nascetur ut. Ac elit vitae.&lt;/p&gt;\r\n\r\n&lt;p&gt;Mi vitae magnis Fusce laoreet nibh felis porttitor laoreet Vestibulum faucibus. At Nulla id tincidunt ut sed semper vel Lorem condimentum ornare. Laoreet Vestibulum lacinia massa a commodo habitasse velit Vestibulum tincidunt In. Turpis at eleifend leo mi elit Aenean porta ac sed faucibus. Nunc urna Morbi fringilla vitae orci convallis condimentum auctor sit dui. Urna pretium elit mauris cursus Curabitur at elit Vestibulum.&lt;/p&gt;\r\n&lt;/div&gt;\r\n&lt;/div&gt;\r\n&lt;/div&gt;\r\n'),
(13, 3, 'Commodo laoreet semper', '&lt;p&gt;Commodo laoreet semper tincidunt lorem Vestibulum nunc at In Curabitur magna. Euismod euismod Suspendisse tortor ante adipiscing risus Aenean Lorem vitae id. Odio ut pretium ligula quam Vestibulum consequat convallis fringilla Vestibulum nulla. Accumsan morbi tristique auctor Aenean nulla lacinia Nullam elit vel vel.&lt;/p&gt;\r\n', '&lt;div class=&quot;blog-content clearfix&quot;&gt;\r\n&lt;div class=&quot;content-wrap clearfix&quot;&gt;\r\n&lt;div class=&quot;itemFullText&quot;&gt;\r\n&lt;p&gt;Commodo laoreet semper tincidunt lorem Vestibulum nunc at In Curabitur magna. Euismod euismod Suspendisse tortor ante adipiscing risus Aenean Lorem vitae id. Odio ut pretium ligula quam Vestibulum consequat convallis fringilla Vestibulum nulla. Accumsan morbi tristique auctor Aenean nulla lacinia Nullam elit vel vel. At risus pretium urna tortor metus fringilla interdum mauris tempor congue.&lt;/p&gt;\r\n\r\n&lt;p&gt;Donec tellus Nulla lorem Nullam elit id ut elit feugiat lacus. Congue eget dapibus congue tincidunt senectus nibh risus Phasellus tristique justo. Justo Pellentesque Donec lobortis faucibus Vestibulum Praesent mauris volutpat vitae metus. Ipsum cursus vestibulum at interdum Vivamus nunc fringilla Curabitur ac quis. Nam lacinia wisi tortor orci quis vitae.&lt;/p&gt;\r\n\r\n&lt;p&gt;Sed mauris Pellentesque elit Aliquam at lacus interdum nascetur elit ipsum. Enim ipsum hendrerit Suspendisse turpis laoreet fames tempus ligula pede ac. Et Lorem penatibus orci eu ultrices egestas Nam quam Vivamus nibh. Morbi condimentum molestie Nam enim odio sodales pretium eros sem pellentesque. Sit tellus Integer elit egestas lacus turpis id auctor nascetur ut. Ac elit vitae.&lt;/p&gt;\r\n\r\n&lt;p&gt;Mi vitae magnis Fusce laoreet nibh felis porttitor laoreet Vestibulum faucibus. At Nulla id tincidunt ut sed semper vel Lorem condimentum ornare. Laoreet Vestibulum lacinia massa a commodo habitasse velit Vestibulum tincidunt In. Turpis at eleifend leo mi elit Aenean porta ac sed faucibus. Nunc urna Morbi fringilla vitae orci convallis condimentum auctor sit dui. Urna pretium elit mauris cursus Curabitur at elit Vestibulum.&lt;/p&gt;\r\n&lt;/div&gt;\r\n&lt;/div&gt;\r\n&lt;/div&gt;\r\n'),
(14, 2, 'Aenean feugiat ', '&lt;p&gt;Phasellus vel blandit risus, sed scelerisque magna. Curabitur ac malesuada quam. Nulla facilisi. In metus elit, rutrum non ornare id, tincidunt vitae diam. Aenean feugiat accumsan lacus eu placerat. Donec volutpat laoreet turpis at pharetra.Sed hendrerit imperdiet ligula, volutpat cursus lectus sagittis eu. Vestibulum sit amet orci sit amet velit consectetur dignissim. Proin volutpat mauris sed est lobortis, vestibulum accumsan risus vehicula. Cras nec vulputate massa&lt;/p&gt;\r\n', '&lt;p&gt;Phasellus vel blandit risus, sed scelerisque magna. Curabitur ac malesuada quam. Nulla facilisi. In metus elit, rutrum non ornare id, tincidunt vitae diam. Aenean feugiat accumsan lacus eu placerat. Donec volutpat laoreet turpis at pharetra. Nam eget cursus est. Donec egestas adipiscing libero in sagittis. Cras et ante eget mi lobortis tempus id sed diam. Donec et enim vitae ante semper fermentum. Phasellus sit amet massa faucibus, molestie lorem eu, bibendum sapien. Fusce ac hendrerit diam. Phasellus sed ligula mollis, malesuada dui eget, porta odio. Nam lobortis luctus dolor ut aliquam. Ut viverra feugiat pharetra. Curabitur faucibus nulla sapien, eget iaculis urna aliquet et.&lt;/p&gt;\r\n\r\n&lt;p&gt;Praesent velit justo, pellentesque quis felis eu, varius dignissim purus. Ut in dui leo. Maecenas at ante quis libero varius porttitor ac quis nisl. In at diam leo. Morbi a turpis porta, porta tortor a, fringilla justo. Duis commodo semper nisl quis feugiat. Cras posuere iaculis risus, a convallis lacus iaculis a. Vestibulum blandit diam eu tortor tempor vulputate non nec neque. Morbi consectetur metus id gravida placerat. Duis egestas eros nec augue eleifend, et condimentum lorem varius. Duis ultrices sed augue id sagittis. Nam dictum mauris vel hendrerit vestibulum. Nam lacinia nulla at dapibus vestibulum. Curabitur at risus libero. In sed consequat tellus, id venenatis tortor. Proin convallis purus et sem scelerisque, nec cursus nulla cursus.&lt;/p&gt;\r\n\r\n&lt;p&gt;Aliquam fermentum est purus, nec lobortis diam accumsan vitae. Sed rutrum odio eget justo gravida commodo. Maecenas ultricies sem id pharetra hendrerit. Nam luctus, tellus quis facilisis feugiat, augue est dapibus eros, ut scelerisque lacus turpis vitae tellus. Aliquam eleifend tellus diam, quis aliquet magna cursus ac. Fusce vestibulum arcu hendrerit, elementum dui nec, vehicula risus. Phasellus id neque id nulla sagittis rutrum vel sit amet nulla. Nulla porta congue convallis. Suspendisse luctus, est vitae fringilla aliquam, elit arcu mollis enim, nec convallis urna est at nibh. Curabitur mollis bibendum massa, eu fermentum felis facilisis eget. Cras id lacus lectus.&lt;/p&gt;\r\n\r\n&lt;p&gt;Duis sit amet leo at dui volutpat molestie. Donec sem metus, faucibus non ultrices eleifend, rhoncus ac dolor. Pellentesque at justo nunc. Pellentesque blandit enim ac ornare venenatis. Praesent massa turpis, consectetur vitae vulputate sit amet, dictum eget ligula. Morbi molestie eleifend purus vel viverra. Donec sapien felis, tristique eu posuere tempor, tincidunt a massa. Nunc condimentum tempus lacus, et sodales orci volutpat sed.&lt;/p&gt;\r\n\r\n&lt;p&gt;Vestibulum cursus aliquam lorem, nec aliquam velit tempor sed. Proin id lorem ligula. Cras at imperdiet massa. Vestibulum ut odio id ante luctus dictum sit amet eu purus. Aliquam tortor felis, iaculis ut pretium quis, semper non felis. Nunc posuere nibh nisl, in dictum ante hendrerit sit amet. Nam rhoncus mi dictum, feugiat lacus non, luctus nisi.&lt;/p&gt;\r\n'),
(14, 1, 'Aenean feugiat ', '&lt;p&gt;Phasellus vel blandit risus, sed scelerisque magna. Curabitur ac malesuada quam. Nulla facilisi. In metus elit, rutrum non ornare id, tincidunt vitae diam. Aenean feugiat accumsan lacus eu placerat. Donec volutpat laoreet turpis at pharetra.Sed hendrerit imperdiet ligula, volutpat cursus lectus sagittis eu. Vestibulum sit amet orci sit amet velit consectetur dignissim. Proin volutpat mauris sed est lobortis, vestibulum accumsan risus vehicula. Cras nec vulputate massa&lt;/p&gt;\r\n', '&lt;p&gt;Phasellus vel blandit risus, sed scelerisque magna. Curabitur ac malesuada quam. Nulla facilisi. In metus elit, rutrum non ornare id, tincidunt vitae diam. Aenean feugiat accumsan lacus eu placerat. Donec volutpat laoreet turpis at pharetra. Nam eget cursus est. Donec egestas adipiscing libero in sagittis. Cras et ante eget mi lobortis tempus id sed diam. Donec et enim vitae ante semper fermentum. Phasellus sit amet massa faucibus, molestie lorem eu, bibendum sapien. Fusce ac hendrerit diam. Phasellus sed ligula mollis, malesuada dui eget, porta odio. Nam lobortis luctus dolor ut aliquam. Ut viverra feugiat pharetra. Curabitur faucibus nulla sapien, eget iaculis urna aliquet et.&lt;/p&gt;\r\n\r\n&lt;p&gt;Praesent velit justo, pellentesque quis felis eu, varius dignissim purus. Ut in dui leo. Maecenas at ante quis libero varius porttitor ac quis nisl. In at diam leo. Morbi a turpis porta, porta tortor a, fringilla justo. Duis commodo semper nisl quis feugiat. Cras posuere iaculis risus, a convallis lacus iaculis a. Vestibulum blandit diam eu tortor tempor vulputate non nec neque. Morbi consectetur metus id gravida placerat. Duis egestas eros nec augue eleifend, et condimentum lorem varius. Duis ultrices sed augue id sagittis. Nam dictum mauris vel hendrerit vestibulum. Nam lacinia nulla at dapibus vestibulum. Curabitur at risus libero. In sed consequat tellus, id venenatis tortor. Proin convallis purus et sem scelerisque, nec cursus nulla cursus.&lt;/p&gt;\r\n\r\n&lt;p&gt;Aliquam fermentum est purus, nec lobortis diam accumsan vitae. Sed rutrum odio eget justo gravida commodo. Maecenas ultricies sem id pharetra hendrerit. Nam luctus, tellus quis facilisis feugiat, augue est dapibus eros, ut scelerisque lacus turpis vitae tellus. Aliquam eleifend tellus diam, quis aliquet magna cursus ac. Fusce vestibulum arcu hendrerit, elementum dui nec, vehicula risus. Phasellus id neque id nulla sagittis rutrum vel sit amet nulla. Nulla porta congue convallis. Suspendisse luctus, est vitae fringilla aliquam, elit arcu mollis enim, nec convallis urna est at nibh. Curabitur mollis bibendum massa, eu fermentum felis facilisis eget. Cras id lacus lectus.&lt;/p&gt;\r\n\r\n&lt;p&gt;Duis sit amet leo at dui volutpat molestie. Donec sem metus, faucibus non ultrices eleifend, rhoncus ac dolor. Pellentesque at justo nunc. Pellentesque blandit enim ac ornare venenatis. Praesent massa turpis, consectetur vitae vulputate sit amet, dictum eget ligula. Morbi molestie eleifend purus vel viverra. Donec sapien felis, tristique eu posuere tempor, tincidunt a massa. Nunc condimentum tempus lacus, et sodales orci volutpat sed.&lt;/p&gt;\r\n\r\n&lt;p&gt;Vestibulum cursus aliquam lorem, nec aliquam velit tempor sed. Proin id lorem ligula. Cras at imperdiet massa. Vestibulum ut odio id ante luctus dictum sit amet eu purus. Aliquam tortor felis, iaculis ut pretium quis, semper non felis. Nunc posuere nibh nisl, in dictum ante hendrerit sit amet. Nam rhoncus mi dictum, feugiat lacus non, luctus nisi.&lt;/p&gt;\r\n'),
(14, 3, 'Aenean feugiat ', '&lt;p&gt;Phasellus vel blandit risus, sed scelerisque magna. Curabitur ac malesuada quam. Nulla facilisi. In metus elit, rutrum non ornare id, tincidunt vitae diam. Aenean feugiat accumsan lacus eu placerat. Donec volutpat laoreet turpis at pharetra.Sed hendrerit imperdiet ligula, volutpat cursus lectus sagittis eu. Vestibulum sit amet orci sit amet velit consectetur dignissim. Proin volutpat mauris sed est lobortis, vestibulum accumsan risus vehicula. Cras nec vulputate massa&lt;/p&gt;\r\n', '&lt;p&gt;Phasellus vel blandit risus, sed scelerisque magna. Curabitur ac malesuada quam. Nulla facilisi. In metus elit, rutrum non ornare id, tincidunt vitae diam. Aenean feugiat accumsan lacus eu placerat. Donec volutpat laoreet turpis at pharetra. Nam eget cursus est. Donec egestas adipiscing libero in sagittis. Cras et ante eget mi lobortis tempus id sed diam. Donec et enim vitae ante semper fermentum. Phasellus sit amet massa faucibus, molestie lorem eu, bibendum sapien. Fusce ac hendrerit diam. Phasellus sed ligula mollis, malesuada dui eget, porta odio. Nam lobortis luctus dolor ut aliquam. Ut viverra feugiat pharetra. Curabitur faucibus nulla sapien, eget iaculis urna aliquet et.&lt;/p&gt;\r\n\r\n&lt;p&gt;Praesent velit justo, pellentesque quis felis eu, varius dignissim purus. Ut in dui leo. Maecenas at ante quis libero varius porttitor ac quis nisl. In at diam leo. Morbi a turpis porta, porta tortor a, fringilla justo. Duis commodo semper nisl quis feugiat. Cras posuere iaculis risus, a convallis lacus iaculis a. Vestibulum blandit diam eu tortor tempor vulputate non nec neque. Morbi consectetur metus id gravida placerat. Duis egestas eros nec augue eleifend, et condimentum lorem varius. Duis ultrices sed augue id sagittis. Nam dictum mauris vel hendrerit vestibulum. Nam lacinia nulla at dapibus vestibulum. Curabitur at risus libero. In sed consequat tellus, id venenatis tortor. Proin convallis purus et sem scelerisque, nec cursus nulla cursus.&lt;/p&gt;\r\n\r\n&lt;p&gt;Aliquam fermentum est purus, nec lobortis diam accumsan vitae. Sed rutrum odio eget justo gravida commodo. Maecenas ultricies sem id pharetra hendrerit. Nam luctus, tellus quis facilisis feugiat, augue est dapibus eros, ut scelerisque lacus turpis vitae tellus. Aliquam eleifend tellus diam, quis aliquet magna cursus ac. Fusce vestibulum arcu hendrerit, elementum dui nec, vehicula risus. Phasellus id neque id nulla sagittis rutrum vel sit amet nulla. Nulla porta congue convallis. Suspendisse luctus, est vitae fringilla aliquam, elit arcu mollis enim, nec convallis urna est at nibh. Curabitur mollis bibendum massa, eu fermentum felis facilisis eget. Cras id lacus lectus.&lt;/p&gt;\r\n\r\n&lt;p&gt;Duis sit amet leo at dui volutpat molestie. Donec sem metus, faucibus non ultrices eleifend, rhoncus ac dolor. Pellentesque at justo nunc. Pellentesque blandit enim ac ornare venenatis. Praesent massa turpis, consectetur vitae vulputate sit amet, dictum eget ligula. Morbi molestie eleifend purus vel viverra. Donec sapien felis, tristique eu posuere tempor, tincidunt a massa. Nunc condimentum tempus lacus, et sodales orci volutpat sed.&lt;/p&gt;\r\n\r\n&lt;p&gt;Vestibulum cursus aliquam lorem, nec aliquam velit tempor sed. Proin id lorem ligula. Cras at imperdiet massa. Vestibulum ut odio id ante luctus dictum sit amet eu purus. Aliquam tortor felis, iaculis ut pretium quis, semper non felis. Nunc posuere nibh nisl, in dictum ante hendrerit sit amet. Nam rhoncus mi dictum, feugiat lacus non, luctus nisi.&lt;/p&gt;\r\n');

-- --------------------------------------------------------

--
-- Table structure for table `pavblog_category`
--

CREATE TABLE IF NOT EXISTS `pavblog_category` (
  `category_id` int(11) unsigned NOT NULL AUTO_INCREMENT,
  `image` varchar(255) NOT NULL DEFAULT '',
  `parent_id` int(11) NOT NULL DEFAULT '0',
  `is_group` smallint(6) NOT NULL DEFAULT '2',
  `width` varchar(255) DEFAULT NULL,
  `submenu_width` varchar(255) DEFAULT NULL,
  `colum_width` varchar(255) DEFAULT NULL,
  `submenu_colum_width` varchar(255) DEFAULT NULL,
  `item` varchar(255) DEFAULT NULL,
  `colums` varchar(255) DEFAULT '1',
  `type` varchar(255) NOT NULL,
  `is_content` smallint(6) NOT NULL DEFAULT '2',
  `show_title` smallint(6) NOT NULL DEFAULT '1',
  `meta_keyword` varchar(255) NOT NULL DEFAULT '1',
  `level_depth` smallint(6) NOT NULL DEFAULT '0',
  `published` smallint(6) NOT NULL DEFAULT '1',
  `store_id` smallint(5) unsigned NOT NULL DEFAULT '0',
  `position` int(11) unsigned NOT NULL DEFAULT '0',
  `show_sub` smallint(6) NOT NULL DEFAULT '0',
  `url` varchar(255) DEFAULT NULL,
  `target` varchar(25) DEFAULT NULL,
  `privacy` smallint(5) unsigned NOT NULL DEFAULT '0',
  `position_type` varchar(25) DEFAULT 'top',
  `menu_class` varchar(25) DEFAULT NULL,
  `description` text,
  `meta_description` text,
  `meta_title` varchar(255) DEFAULT NULL,
  `level` int(11) NOT NULL,
  `left` int(11) NOT NULL,
  `right` int(11) NOT NULL,
  `keyword` varchar(255) NOT NULL,
  PRIMARY KEY (`category_id`)
) ENGINE=InnoDB  DEFAULT CHARSET=utf8 AUTO_INCREMENT=26 ;

--
-- Dumping data for table `pavblog_category`
--

INSERT INTO `pavblog_category` (`category_id`, `image`, `parent_id`, `is_group`, `width`, `submenu_width`, `colum_width`, `submenu_colum_width`, `item`, `colums`, `type`, `is_content`, `show_title`, `meta_keyword`, `level_depth`, `published`, `store_id`, `position`, `show_sub`, `url`, `target`, `privacy`, `position_type`, `menu_class`, `description`, `meta_description`, `meta_title`, `level`, `left`, `right`, `keyword`) VALUES
(1, '', 0, 2, NULL, NULL, NULL, NULL, NULL, '1', '', 2, 1, '1', 0, 1, 0, 0, 0, NULL, NULL, 0, 'top', NULL, NULL, NULL, NULL, -5, 34, 47, ''),
(20, 'data/DemoImages/<{TEMPLATENAME}>/pavblog/pav-c3.jpg', 22, 2, NULL, NULL, NULL, NULL, NULL, '1', '', 2, 1, '1', 0, 1, 0, 3, 0, NULL, NULL, 0, 'top', 'test test', NULL, '', '', 0, 0, 0, ''),
(21, 'data/DemoImages/<{TEMPLATENAME}>/pavblog/pav-c1.jpg', 22, 2, NULL, NULL, NULL, NULL, NULL, '1', '', 2, 1, '1', 0, 1, 0, 1, 0, NULL, NULL, 0, 'top', '', NULL, '', '', 0, 0, 0, ''),
(22, 'data/DemoImages/<{TEMPLATENAME}>/pavblog/pav-c4.jpg', 1, 2, NULL, NULL, NULL, NULL, NULL, '1', '', 2, 1, '1', 0, 1, 0, 1, 0, NULL, NULL, 0, 'top', '', NULL, '', '', 0, 0, 0, ''),
(23, 'data/DemoImages/<{TEMPLATENAME}>/pavblog/pav-c2.jpg', 22, 2, NULL, NULL, NULL, NULL, NULL, '1', '', 2, 1, '1', 0, 1, 0, 2, 0, NULL, NULL, 0, 'top', '', NULL, '', '', 0, 0, 0, ''),
(24, 'data/DemoImages/<{TEMPLATENAME}>/pavblog/pav-c5.jpg', 1, 2, NULL, NULL, NULL, NULL, NULL, '1', '', 2, 1, '1', 0, 1, 0, 2, 0, NULL, NULL, 0, 'top', '', NULL, '', '', 0, 0, 0, ''),
(25, 'data/DemoImages/<{TEMPLATENAME}>/pavblog/pav-c6.jpg', 1, 2, NULL, NULL, NULL, NULL, NULL, '1', '', 2, 1, '', 0, 1, 0, 99, 0, NULL, NULL, 0, 'top', '', NULL, '', '', 0, 0, 0, '');

-- --------------------------------------------------------

--
-- Table structure for table `pavblog_category_description`
--

CREATE TABLE IF NOT EXISTS `pavblog_category_description` (
  `category_id` int(11) NOT NULL,
  `language_id` int(11) NOT NULL,
  `title` varchar(255) NOT NULL,
  `description` text NOT NULL,
  PRIMARY KEY (`category_id`,`language_id`),
  KEY `name` (`title`)
) ENGINE=MyISAM DEFAULT CHARSET=utf8;

--
-- Dumping data for table `pavblog_category_description`
--

INSERT INTO `pavblog_category_description` (`category_id`, `language_id`, `title`, `description`) VALUES
(1, 1, 'ROOT', 'Menu Root'),
(22, 1, 'Tortor augue', '&lt;p&gt;Enter your Category 1 Description Here&lt;/p&gt;\r\n'),
(24, 2, 'Accumsan wisi', '&lt;p&gt;Description Here&lt;/p&gt;\r\n'),
(23, 2, 'Ac tincidunt', '&lt;p&gt;&quot;Sed ut perspiciatis unde omnis iste natus error sit voluptatem accusantium doloremque laudantium, totam rem aperiam, eaque ipsa quae ab illo inventore veritatis et quasi architecto beatae vitae dicta sunt explicabo. Nemo enim ipsam voluptatem quia voluptas sit aspernatur aut odit aut fugit&lt;/p&gt;\r\n\r\n&lt;p&gt;Ac tincidunt Suspendisse malesuada velit in Nullam elit magnis netus Vestibulum. Praesent Nam adipiscing Aliquam elit accumsan wisi sit semper scelerisque convallis&lt;/p&gt;\r\n'),
(20, 2, 'Magnis netus ', '&lt;p&gt;Donec tellus Nulla lorem Nullam elit id ut elit feugiat lacus. Congue eget dapibus congue tincidunt senectus nibh risus Phasellus tristique justo. Justo Pellentesque Donec lobortis faucibus Vestibulum Praesent mauris volutpat vitae metus. Ipsum cursus vestibulum at interdum Vivamus nunc fringilla Curabitur ac quis. Nam lacinia wisi tortor orci quis vitae&lt;/p&gt;\r\n\r\n&lt;p&gt;Praesent Nam adipiscing Aliquam elit accumsan wisi sit semper scelerisque convallis&lt;/p&gt;\r\n\r\n&lt;p&gt;&amp;nbsp;&lt;/p&gt;\r\n'),
(22, 3, ' ', '&lt;p&gt;Enter your Category 1 Description Here&lt;/p&gt;\r\n'),
(21, 1, 'Lerisque convallis', '&lt;p&gt;Ac tincidunt Suspendisse malesuada velit in Nullam elit magnis netus Vestibulum. Praesent Nam adipiscing Aliquam elit accumsan wisi sit semper scelerisque convallis.&lt;/p&gt;\r\n\r\n&lt;p&gt;Commodo laoreet semper tincidunt lorem Vestibulum nunc at In Curabitur magna. Euismod euismod Suspendisse tortor ante adipiscing risus Aenean Lorem vitae id. Odio ut pretium ligula quam Vestibulum consequat convallis fringilla Vestibulum nulla. Accumsan morbi tristique auctor Aenean nulla lacinia Nullam elit vel vel. At risus pretium urna tortor metus fringilla interdum mauris tempor congue.&lt;/p&gt;\r\n'),
(21, 2, 'Lerisque convallis', '&lt;p&gt;Ac tincidunt Suspendisse malesuada velit in Nullam elit magnis netus Vestibulum. Praesent Nam adipiscing Aliquam elit accumsan wisi sit semper scelerisque convallis.&lt;/p&gt;\r\n\r\n&lt;p&gt;Commodo laoreet semper tincidunt lorem Vestibulum nunc at In Curabitur magna. Euismod euismod Suspendisse tortor ante adipiscing risus Aenean Lorem vitae id. Odio ut pretium ligula quam Vestibulum consequat convallis fringilla Vestibulum nulla. Accumsan morbi tristique auctor Aenean nulla lacinia Nullam elit vel vel. At risus pretium urna tortor metus fringilla interdum mauris tempor congue.&lt;/p&gt;\r\n'),
(21, 3, 'Lerisque convallis', '&lt;p&gt;Ac tincidunt Suspendisse malesuada velit in Nullam elit magnis netus Vestibulum. Praesent Nam adipiscing Aliquam elit accumsan wisi sit semper scelerisque convallis.&lt;/p&gt;\r\n\r\n&lt;p&gt;Commodo laoreet semper tincidunt lorem Vestibulum nunc at In Curabitur magna. Euismod euismod Suspendisse tortor ante adipiscing risus Aenean Lorem vitae id. Odio ut pretium ligula quam Vestibulum consequat convallis fringilla Vestibulum nulla. Accumsan morbi tristique auctor Aenean nulla lacinia Nullam elit vel vel. At risus pretium urna tortor metus fringilla interdum mauris tempor congue.&lt;/p&gt;\r\n'),
(23, 1, 'Ac tincidunt', '&lt;p&gt;&quot;Sed ut perspiciatis unde omnis iste natus error sit voluptatem accusantium doloremque laudantium, totam rem aperiam, eaque ipsa quae ab illo inventore veritatis et quasi architecto beatae vitae dicta sunt explicabo. Nemo enim ipsam voluptatem quia voluptas sit aspernatur aut odit aut fugit&lt;/p&gt;\r\n\r\n&lt;p&gt;Ac tincidunt Suspendisse malesuada velit in Nullam elit magnis netus Vestibulum. Praesent Nam adipiscing Aliquam elit accumsan wisi sit semper scelerisque convallis&lt;/p&gt;\r\n'),
(23, 3, 'Ac tincidunt', '&lt;p&gt;&quot;Sed ut perspiciatis unde omnis iste natus error sit voluptatem accusantium doloremque laudantium, totam rem aperiam, eaque ipsa quae ab illo inventore veritatis et quasi architecto beatae vitae dicta sunt explicabo. Nemo enim ipsam voluptatem quia voluptas sit aspernatur aut odit aut fugit&lt;/p&gt;\r\n\r\n&lt;p&gt;Ac tincidunt Suspendisse malesuada velit in Nullam elit magnis netus Vestibulum. Praesent Nam adipiscing Aliquam elit accumsan wisi sit semper scelerisque convallis&lt;/p&gt;\r\n'),
(20, 1, 'Magnis netus ', '&lt;p&gt;Donec tellus Nulla lorem Nullam elit id ut elit feugiat lacus. Congue eget dapibus congue tincidunt senectus nibh risus Phasellus tristique justo. Justo Pellentesque Donec lobortis faucibus Vestibulum Praesent mauris volutpat vitae metus. Ipsum cursus vestibulum at interdum Vivamus nunc fringilla Curabitur ac quis. Nam lacinia wisi tortor orci quis vitae&lt;/p&gt;\r\n\r\n&lt;p&gt;Praesent Nam adipiscing Aliquam elit accumsan wisi sit semper scelerisque convallis&lt;/p&gt;\r\n\r\n&lt;p&gt;&amp;nbsp;&lt;/p&gt;\r\n'),
(20, 3, 'Magnis netus ', '&lt;p&gt;Donec tellus Nulla lorem Nullam elit id ut elit feugiat lacus. Congue eget dapibus congue tincidunt senectus nibh risus Phasellus tristique justo. Justo Pellentesque Donec lobortis faucibus Vestibulum Praesent mauris volutpat vitae metus. Ipsum cursus vestibulum at interdum Vivamus nunc fringilla Curabitur ac quis. Nam lacinia wisi tortor orci quis vitae&lt;/p&gt;\r\n\r\n&lt;p&gt;Praesent Nam adipiscing Aliquam elit accumsan wisi sit semper scelerisque convallis&lt;/p&gt;\r\n\r\n&lt;p&gt;&amp;nbsp;&lt;/p&gt;\r\n'),
(24, 1, 'Accumsan wisi', '&lt;p&gt;Description Here&lt;/p&gt;\r\n'),
(24, 3, 'Accumsan wisi', '&lt;p&gt;Description Here&lt;/p&gt;\r\n'),
(22, 2, 'Tortor augue', '&lt;p&gt;Enter your Category 1 Description Here&lt;/p&gt;\r\n'),
(25, 2, 'Curabitur varius', '&lt;p&gt;Enter Discription Curabitur varius&lt;/p&gt;\r\n'),
(25, 1, 'Curabitur varius', '&lt;p&gt;Enter Discription Curabitur varius&lt;/p&gt;\r\n'),
(25, 3, 'Curabitur varius', '&lt;p&gt;Enter Discription Curabitur varius&lt;/p&gt;\r\n');

-- --------------------------------------------------------

--
-- Table structure for table `pavblog_comment`
--

CREATE TABLE IF NOT EXISTS `pavblog_comment` (
  `comment_id` int(11) unsigned NOT NULL AUTO_INCREMENT,
  `blog_id` int(11) unsigned NOT NULL,
  `comment` text NOT NULL,
  `status` tinyint(1) NOT NULL DEFAULT '0',
  `created` datetime DEFAULT NULL,
  `user` varchar(255) NOT NULL,
  `email` varchar(255) NOT NULL,
  PRIMARY KEY (`comment_id`),
  KEY `FK_blog_comment` (`blog_id`)
) ENGINE=InnoDB  DEFAULT CHARSET=utf8 AUTO_INCREMENT=9 ;

--
-- Dumping data for table `pavblog_comment`
--

INSERT INTO `pavblog_comment` (`comment_id`, `blog_id`, `comment`, `status`, `created`, `user`, `email`) VALUES
(6, 10, 'Commodo laoreet semper tincidunt lorem Vestibulum nunc at In Curabitur mag Commodo laoreet semper tincidunt lorem Vestibulum nunc at In Curabitur mag', 1, '2013-03-12 14:23:09', 'ha cong tien', 'hatuhn@gmail.com'),
(7, 10, 'Commodo laoreet semper tincidunt lorem Vestibulum nunc at In Curabitur mag', 1, '2013-03-12 14:25:19', 'ha cong tien', 'hatuhn@gmail.com'),
(8, 10, 'Commodo laoreet semper tincidunt lorem Vestibulum nunc at In Curabitur mag Commodo laoreet semper tincidunt lorem Vestibulum nunc at In Curabitur mag', 1, '2013-03-12 14:30:17', 'Test Test ', 'ngoisao@aa.com');