--
-- Table structure for table `megamenu`
--

CREATE TABLE IF NOT EXISTS `megamenu` (
  `megamenu_id` int(11) unsigned NOT NULL AUTO_INCREMENT,
  `image` varchar(255) NOT NULL DEFAULT '',
  `parent_id` int(11) NOT NULL DEFAULT '0',
  `is_group` smallint(6) NOT NULL DEFAULT '2',
  `width` varchar(255) DEFAULT NULL,
  `submenu_width` varchar(255) DEFAULT NULL,
  `colum_width` varchar(255) DEFAULT NULL,
  `submenu_colum_width` varchar(255) DEFAULT NULL,
  `item` varchar(255) DEFAULT NULL,
  `colums` varchar(255) DEFAULT '1',
  `type` varchar(255) NOT NULL,
  `is_content` smallint(6) NOT NULL DEFAULT '2',
  `show_title` smallint(6) NOT NULL DEFAULT '1',
  `type_submenu` varchar(10) NOT NULL DEFAULT '1',
  `level_depth` smallint(6) NOT NULL DEFAULT '0',
  `published` smallint(6) NOT NULL DEFAULT '1',
  `store_id` smallint(5) unsigned NOT NULL DEFAULT '0',
  `position` int(11) unsigned NOT NULL DEFAULT '0',
  `show_sub` smallint(6) NOT NULL DEFAULT '0',
  `url` varchar(255) DEFAULT NULL,
  `target` varchar(25) DEFAULT NULL,
  `privacy` smallint(5) unsigned NOT NULL DEFAULT '0',
  `position_type` varchar(25) DEFAULT 'top',
  `menu_class` varchar(25) DEFAULT NULL,
  `description` text,
  `content_text` text,
  `submenu_content` text,
  `level` int(11) NOT NULL,
  `left` int(11) NOT NULL,
  `right` int(11) NOT NULL,
  `widget_id` int(11) NOT NULL,
  PRIMARY KEY (`megamenu_id`)
) ENGINE=InnoDB  DEFAULT CHARSET=utf8 AUTO_INCREMENT=42 ;

--
-- Dumping data for table `megamenu`
--

INSERT INTO `megamenu` (`megamenu_id`, `image`, `parent_id`, `is_group`, `width`, `submenu_width`, `colum_width`, `submenu_colum_width`, `item`, `colums`, `type`, `is_content`, `show_title`, `type_submenu`, `level_depth`, `published`, `store_id`, `position`, `show_sub`, `url`, `target`, `privacy`, `position_type`, `menu_class`, `description`, `content_text`, `submenu_content`, `level`, `left`, `right`, `widget_id`) VALUES
(1, '', 0, 2, NULL, NULL, NULL, NULL, NULL, '1', '', 2, 1, '1', 0, 1, 0, 0, 0, NULL, NULL, 0, 'top', NULL, NULL, NULL, NULL, -5, 34, 47, 0),
(2, '', 1, 0, NULL, NULL, NULL, 'col1=3, col2=3, col3=6', '20', '3', 'category', 0, 1, 'menu', 0, 1, 0, 2, 0, '', NULL, 0, 'top', '', NULL, '', '', 0, 0, 0, 1),
(5, '', 1, 0, NULL, NULL, NULL, '', '17', '1', 'category', 0, 1, 'menu', 0, 1, 0, 3, 0, '', NULL, 0, 'top', 'pav-parrent', NULL, '', '', 0, 0, 0, 1),
(7, '', 1, 0, NULL, NULL, NULL, '', '33', '1', 'category', 0, 1, 'menu', 0, 1, 0, 4, 0, '', NULL, 0, 'top', '', NULL, '', '', 0, 0, 0, 1),
(10, '', 8, 0, NULL, NULL, NULL, '', '59', '1', 'category', 0, 1, 'menu', 0, 1, 0, 1, 0, '', NULL, 0, 'top', 'pav-menu-child', NULL, '', '', 0, 0, 0, 0),
(11, '', 8, 0, NULL, NULL, NULL, '', '60', '1', 'category', 0, 1, 'menu', 0, 1, 0, 2, 0, '', NULL, 0, 'top', 'pav-menu-child', NULL, '', '', 0, 0, 0, 0),
(12, '', 8, 0, NULL, NULL, NULL, '', '61', '1', 'category', 0, 1, 'menu', 0, 1, 0, 3, 0, '', NULL, 0, 'top', 'pav-menu-child', NULL, '', '', 0, 0, 0, 0),
(13, '', 8, 0, NULL, NULL, NULL, '', '62', '1', 'category', 0, 1, 'menu', 0, 1, 0, 4, 0, '', NULL, 0, 'top', 'pav-menu-child', NULL, '', '', 0, 0, 0, 0),
(14, '', 8, 0, NULL, NULL, NULL, '', '63', '1', 'category', 0, 1, 'menu', 0, 1, 0, 5, 0, '', NULL, 0, 'top', 'pav-menu-child', NULL, '', '', 0, 0, 0, 0),
(15, '', 8, 0, NULL, NULL, NULL, '', '64', '1', 'category', 0, 1, 'menu', 0, 1, 0, 6, 0, '', NULL, 0, 'top', 'pav-menu-child', NULL, '', '', 0, 0, 0, 0),
(16, '', 8, 0, NULL, NULL, NULL, '', '65', '1', 'category', 0, 1, 'menu', 0, 1, 0, 7, 0, '', NULL, 0, 'top', 'pav-menu-child', NULL, '', '', 0, 0, 0, 0),
(17, '', 9, 0, NULL, NULL, NULL, '', '66', '1', 'category', 0, 1, 'menu', 0, 1, 0, 1, 0, '', NULL, 0, 'top', '', NULL, '', '', 0, 0, 0, 0),
(18, '', 9, 0, NULL, NULL, NULL, '', '67', '1', 'category', 0, 1, 'menu', 0, 1, 0, 2, 0, '', NULL, 0, 'top', 'pav-menu-child', NULL, '', '', 0, 0, 0, 0),
(19, '', 9, 0, NULL, NULL, NULL, '', '68', '1', 'category', 0, 1, 'menu', 0, 1, 0, 3, 0, '', NULL, 0, 'top', 'pav-menu-child', NULL, '', '', 0, 0, 0, 0),
(20, '', 9, 0, NULL, NULL, NULL, '', '71', '1', 'category', 0, 1, 'menu', 0, 1, 0, 4, 0, '', NULL, 0, 'top', 'pav-menu-child', NULL, '', '', 0, 0, 0, 0),
(21, '', 9, 0, NULL, NULL, NULL, '', '72', '1', 'category', 0, 1, 'menu', 0, 1, 0, 5, 0, '', NULL, 0, 'top', 'pav-menu-child', NULL, '', '', 0, 0, 0, 0),
(22, '', 9, 0, NULL, NULL, NULL, '', '69', '1', 'category', 0, 1, 'menu', 0, 1, 0, 6, 0, '', NULL, 0, 'top', 'pav-menu-child', NULL, '', '', 0, 0, 0, 0),
(23, '', 9, 0, NULL, NULL, NULL, '', '70', '1', 'category', 0, 1, 'menu', 0, 1, 0, 7, 0, '', NULL, 0, 'top', 'pav-menu-child', NULL, '', '', 0, 0, 0, 0),
(37, '', 1, 0, NULL, NULL, NULL, '', '25', '1', 'category', 0, 1, 'menu', 0, 1, 0, 6, 0, '', NULL, 0, 'top', '', NULL, '', '', 0, 0, 0, 1),
(38, '', 1, 0, NULL, NULL, NULL, '', '57', '1', 'url', 0, 1, 'menu', 0, 1, 0, 7, 0, '?route=pavblog/blogs', NULL, 0, 'top', '', NULL, '', '', 0, 0, 0, 1),
(40, '', 1, 0, NULL, NULL, NULL, '', '', '1', 'url', 0, 1, 'menu', 0, 1, 0, 1, 0, '?route=common/home', NULL, 0, 'top', 'home', NULL, '', '', 0, 0, 0, 1),
(41, '', 1, 0, NULL, NULL, NULL, '', '18', '1', 'category', 0, 1, 'menu', 0, 1, 0, 5, 0, '', NULL, 0, 'top', '', NULL, '', '', 0, 0, 0, 1);

-- --------------------------------------------------------

--
-- Table structure for table `megamenu_description`
--

CREATE TABLE IF NOT EXISTS `megamenu_description` (
  `megamenu_id` int(11) NOT NULL,
  `language_id` int(11) NOT NULL,
  `title` varchar(255) NOT NULL,
  `description` text NOT NULL,
  PRIMARY KEY (`megamenu_id`,`language_id`),
  KEY `name` (`title`)
) ENGINE=MyISAM DEFAULT CHARSET=utf8;

--
-- Dumping data for table `megamenu_description`
--

INSERT INTO `megamenu_description` (`megamenu_id`, `language_id`, `title`, `description`) VALUES
(2, 2, 'Panties', ''),
(41, 2, 'Beauty', ''),
(2, 1, 'Panties', ''),
(5, 2, 'Sleep', ''),
(37, 2, 'Bras', ''),
(7, 2, 'Sexy', ''),
(7, 1, 'Sexy', ''),
(7, 3, 'جنسي', ''),
(10, 2, 'Duis tempor', ''),
(10, 1, 'Duis tempor', ''),
(11, 2, 'Pellentesque eget', ''),
(11, 1, 'Pellentesque eget ', ''),
(12, 2, 'Nam nunc ante', ''),
(12, 1, 'Nam nunc ante', ''),
(13, 2, 'Condimentum eu', ''),
(13, 1, 'Condimentum eu', ''),
(14, 2, 'Lehicula lorem', ''),
(14, 1, 'Lehicula lorem', ''),
(15, 2, 'Integer semper', ''),
(15, 1, 'Integer semper', ''),
(16, 2, 'Sollicitudin lacus', ''),
(16, 1, 'Sollicitudin lacus', ''),
(5, 3, 'نوم', ''),
(17, 2, 'Nam ipsum ', ''),
(17, 1, 'Nam ipsum ', ''),
(18, 2, 'Curabitur turpis ', ''),
(18, 1, 'Curabitur turpis ', ''),
(19, 1, 'Molestie eu mattis ', ''),
(19, 2, 'Molestie eu mattis ', ''),
(20, 1, 'Suspendisse eu ', ''),
(20, 2, 'Suspendisse eu ', ''),
(21, 1, 'Nunc imperdiet ', ''),
(21, 2, 'Nunc imperdiet ', ''),
(22, 1, 'Mauris mattis', ''),
(22, 2, 'Mauris mattis', ''),
(23, 1, 'Lacus sed iaculis ', ''),
(23, 2, 'Lacus sed iaculis ', ''),
(40, 3, 'منزل', ''),
(2, 3, 'سراويل', ''),
(37, 1, 'Bras', ''),
(41, 1, 'Beauty', ''),
(41, 3, 'الجمال', ''),
(38, 1, 'Blogs', ''),
(38, 2, 'Blogs', ''),
(40, 1, 'Home', ''),
(40, 2, 'Home', ''),
(5, 1, 'Sleep', ''),
(37, 3, 'صدار', ''),
(38, 3, 'بلوق', '');

-- --------------------------------------------------------

--
-- Table structure for table `megamenu_widgets`
--

CREATE TABLE IF NOT EXISTS `megamenu_widgets` (
  `id` int(11) NOT NULL AUTO_INCREMENT,
  `name` varchar(250) NOT NULL,
  `type` varchar(255) NOT NULL,
  `params` text NOT NULL,
  `store_id` int(11) NOT NULL,
  PRIMARY KEY (`id`)
) ENGINE=MyISAM  DEFAULT CHARSET=utf8 AUTO_INCREMENT=8 ;

--
-- Dumping data for table `megamenu_widgets`
--

INSERT INTO `megamenu_widgets` (`id`, `name`, `type`, `params`, `store_id`) VALUES
(1, 'Video Opencart Installation', 'video_code', 'a:1:{s:10:"video_code";s:285:"&lt;div class=&quot;video-menu&quot;&gt;&lt;iframe width=&quot;300&quot; height=&quot;250&quot; src=&quot;//www.youtube.com/embed/M1USNjKKRWk&quot; frameborder=&quot;0&quot; allowfullscreen&gt;&lt;/iframe&gt;\r\n\r\n&lt;h3&gt;Dorem ipsum dolor sit amet consectetur&lt;/h3&gt;\r\n&lt;/div&gt;";}', 0),
(2, 'Clothes Store', 'html', 'a:1:{s:4:"html";a:3:{i:2;s:294:"&lt;div class=&quot;menu-content&quot;&gt;\r\n&lt;p&gt;&lt;img src=&quot;image/data/demo/banner-menu-hover.jpg&quot; alt=&quot;Clothes&quot;&gt;&lt;/p&gt;\r\n\r\n&lt;h3&gt;Lorem ipsum dolor sit .&lt;/h3&gt;\r\n\r\n&lt;p&gt;Lorem sum dolor amet coec tetur adipiscing phasellus...&lt;/p&gt;\r\n&lt;/div&gt;\r\n";i:1;s:294:"&lt;div class=&quot;menu-content&quot;&gt;\r\n&lt;p&gt;&lt;img src=&quot;image/data/demo/banner-menu-hover.jpg&quot; alt=&quot;Clothes&quot;&gt;&lt;/p&gt;\r\n\r\n&lt;h3&gt;Lorem ipsum dolor sit .&lt;/h3&gt;\r\n\r\n&lt;p&gt;Lorem sum dolor amet coec tetur adipiscing phasellus...&lt;/p&gt;\r\n&lt;/div&gt;\r\n";i:3;s:294:"&lt;div class=&quot;menu-content&quot;&gt;\r\n&lt;p&gt;&lt;img src=&quot;image/data/demo/banner-menu-hover.jpg&quot; alt=&quot;Clothes&quot;&gt;&lt;/p&gt;\r\n\r\n&lt;h3&gt;Lorem ipsum dolor sit .&lt;/h3&gt;\r\n\r\n&lt;p&gt;Lorem sum dolor amet coec tetur adipiscing phasellus...&lt;/p&gt;\r\n&lt;/div&gt;\r\n";}}', 0),
(3, 'Products Latest', 'product_list', 'a:4:{s:9:"list_type";s:6:"newest";s:5:"limit";s:1:"2";s:11:"image_width";s:3:"120";s:12:"image_height";s:3:"147";}', 0),
(4, 'Products In Cat 20', 'product_category', 'a:4:{s:11:"category_id";s:2:"20";s:5:"limit";s:1:"2";s:11:"image_width";s:3:"120";s:12:"image_height";s:3:"147";}', 0),
(5, 'Manufactures', 'banner', 'a:4:{s:8:"group_id";s:1:"8";s:11:"image_width";s:2:"80";s:12:"image_height";s:2:"80";s:5:"limit";s:2:"12";}', 0),
(6, 'expandcart Feed', 'feed', 'a:1:{s:8:"feed_url";s:55:"http://www.expandcart.com/expandcartfeeds.feed?type=rss";}', 0),
(7, ' MAURIS', 'html', 'a:1:{s:4:"html";a:3:{i:1;s:1839:"&lt;ul class=&quot;list&quot;&gt;\r\n      &lt;li&gt;        \r\n          &lt;i class=&quot;fa fa-angle-right&quot;&gt;&lt;/i&gt;&lt;a href=&quot;index.php?route=product/category&amp;amp;path=20&quot;&gt;Desktops&lt;/a&gt;                        \r\n        &lt;/li&gt;\r\n      &lt;li&gt;        \r\n          &lt;i class=&quot;fa fa-angle-right&quot;&gt;&lt;/i&gt;&lt;a href=&quot;index.php?route=product/category&amp;amp;path=18&quot;&gt;Laptops &amp;amp; Notebooks &lt;/a&gt;\r\n        &lt;/li&gt;\r\n      &lt;li&gt;\r\n  &lt;i class=&quot;fa fa-angle-right&quot;&gt;&lt;/i&gt;\r\n          &lt;a href=&quot;index.php?route=product/category&amp;amp;path=25&quot;&gt;Components&lt;/a&gt;                        \r\n        &lt;/li&gt;\r\n      &lt;li&gt;\r\n  &lt;i class=&quot;fa fa-angle-right&quot;&gt;&lt;/i&gt;\r\n          &lt;a href=&quot;index.php?route=product/category&amp;amp;path=57&quot;&gt;Tablets&lt;/a&gt;\r\n                &lt;/li&gt;\r\n      &lt;li&gt;\r\n  &lt;i class=&quot;fa fa-angle-right&quot;&gt;&lt;/i&gt;\r\n          &lt;a class=&quot;active&quot; href=&quot;index.php?route=product/category&amp;amp;path=17&quot;&gt;Software&lt;/a&gt;\r\n                &lt;/li&gt;\r\n      &lt;li&gt;\r\n  &lt;i class=&quot;fa fa-angle-right&quot;&gt;&lt;/i&gt;\r\n          &lt;a href=&quot;index.php?route=product/category&amp;amp;path=24&quot;&gt;Phones &amp;amp; PDAs&lt;/a&gt;\r\n                &lt;/li&gt;\r\n      &lt;li&gt;\r\n  &lt;i class=&quot;fa fa-angle-right&quot;&gt;&lt;/i&gt;\r\n          &lt;a href=&quot;index.php?route=product/category&amp;amp;path=33&quot;&gt;Cameras&lt;/a&gt;\r\n                &lt;/li&gt;\r\n      &lt;li&gt;\r\n  &lt;i class=&quot;fa fa-angle-right&quot;&gt;&lt;/i&gt;\r\n          &lt;a href=&quot;index.php?route=product/category&amp;amp;path=34&quot;&gt;MP3 Players&lt;/a&gt;\r\n                  \r\n        &lt;/li&gt;\r\n&lt;/ul&gt;";i:2;s:1839:"&lt;ul class=&quot;list&quot;&gt;\r\n      &lt;li&gt;        \r\n          &lt;i class=&quot;fa fa-angle-right&quot;&gt;&lt;/i&gt;&lt;a href=&quot;index.php?route=product/category&amp;amp;path=20&quot;&gt;Desktops&lt;/a&gt;                        \r\n        &lt;/li&gt;\r\n      &lt;li&gt;        \r\n          &lt;i class=&quot;fa fa-angle-right&quot;&gt;&lt;/i&gt;&lt;a href=&quot;index.php?route=product/category&amp;amp;path=18&quot;&gt;Laptops &amp;amp; Notebooks &lt;/a&gt;\r\n        &lt;/li&gt;\r\n      &lt;li&gt;\r\n  &lt;i class=&quot;fa fa-angle-right&quot;&gt;&lt;/i&gt;\r\n          &lt;a href=&quot;index.php?route=product/category&amp;amp;path=25&quot;&gt;Components&lt;/a&gt;                        \r\n        &lt;/li&gt;\r\n      &lt;li&gt;\r\n  &lt;i class=&quot;fa fa-angle-right&quot;&gt;&lt;/i&gt;\r\n          &lt;a href=&quot;index.php?route=product/category&amp;amp;path=57&quot;&gt;Tablets&lt;/a&gt;\r\n                &lt;/li&gt;\r\n      &lt;li&gt;\r\n  &lt;i class=&quot;fa fa-angle-right&quot;&gt;&lt;/i&gt;\r\n          &lt;a class=&quot;active&quot; href=&quot;index.php?route=product/category&amp;amp;path=17&quot;&gt;Software&lt;/a&gt;\r\n                &lt;/li&gt;\r\n      &lt;li&gt;\r\n  &lt;i class=&quot;fa fa-angle-right&quot;&gt;&lt;/i&gt;\r\n          &lt;a href=&quot;index.php?route=product/category&amp;amp;path=24&quot;&gt;Phones &amp;amp; PDAs&lt;/a&gt;\r\n                &lt;/li&gt;\r\n      &lt;li&gt;\r\n  &lt;i class=&quot;fa fa-angle-right&quot;&gt;&lt;/i&gt;\r\n          &lt;a href=&quot;index.php?route=product/category&amp;amp;path=33&quot;&gt;Cameras&lt;/a&gt;\r\n                &lt;/li&gt;\r\n      &lt;li&gt;\r\n  &lt;i class=&quot;fa fa-angle-right&quot;&gt;&lt;/i&gt;\r\n          &lt;a href=&quot;index.php?route=product/category&amp;amp;path=34&quot;&gt;MP3 Players&lt;/a&gt;\r\n                  \r\n        &lt;/li&gt;\r\n&lt;/ul&gt;";i:3;s:1839:"&lt;ul class=&quot;list&quot;&gt;\r\n      &lt;li&gt;        \r\n          &lt;i class=&quot;fa fa-angle-right&quot;&gt;&lt;/i&gt;&lt;a href=&quot;index.php?route=product/category&amp;amp;path=20&quot;&gt;Desktops&lt;/a&gt;                        \r\n        &lt;/li&gt;\r\n      &lt;li&gt;        \r\n          &lt;i class=&quot;fa fa-angle-right&quot;&gt;&lt;/i&gt;&lt;a href=&quot;index.php?route=product/category&amp;amp;path=18&quot;&gt;Laptops &amp;amp; Notebooks &lt;/a&gt;\r\n        &lt;/li&gt;\r\n      &lt;li&gt;\r\n  &lt;i class=&quot;fa fa-angle-right&quot;&gt;&lt;/i&gt;\r\n          &lt;a href=&quot;index.php?route=product/category&amp;amp;path=25&quot;&gt;Components&lt;/a&gt;                        \r\n        &lt;/li&gt;\r\n      &lt;li&gt;\r\n  &lt;i class=&quot;fa fa-angle-right&quot;&gt;&lt;/i&gt;\r\n          &lt;a href=&quot;index.php?route=product/category&amp;amp;path=57&quot;&gt;Tablets&lt;/a&gt;\r\n                &lt;/li&gt;\r\n      &lt;li&gt;\r\n  &lt;i class=&quot;fa fa-angle-right&quot;&gt;&lt;/i&gt;\r\n          &lt;a class=&quot;active&quot; href=&quot;index.php?route=product/category&amp;amp;path=17&quot;&gt;Software&lt;/a&gt;\r\n                &lt;/li&gt;\r\n      &lt;li&gt;\r\n  &lt;i class=&quot;fa fa-angle-right&quot;&gt;&lt;/i&gt;\r\n          &lt;a href=&quot;index.php?route=product/category&amp;amp;path=24&quot;&gt;Phones &amp;amp; PDAs&lt;/a&gt;\r\n                &lt;/li&gt;\r\n      &lt;li&gt;\r\n  &lt;i class=&quot;fa fa-angle-right&quot;&gt;&lt;/i&gt;\r\n          &lt;a href=&quot;index.php?route=product/category&amp;amp;path=33&quot;&gt;Cameras&lt;/a&gt;\r\n                &lt;/li&gt;\r\n      &lt;li&gt;\r\n  &lt;i class=&quot;fa fa-angle-right&quot;&gt;&lt;/i&gt;\r\n          &lt;a href=&quot;index.php?route=product/category&amp;amp;path=34&quot;&gt;MP3 Players&lt;/a&gt;\r\n                  \r\n        &lt;/li&gt;\r\n&lt;/ul&gt;";}}', 0);

-- --------------------------------------------------------

--
-- Table structure for table `pavoslidergroups`
--

CREATE TABLE IF NOT EXISTS `pavoslidergroups` (
  `id` int(11) NOT NULL AUTO_INCREMENT,
  `title` varchar(255) NOT NULL,
  `params` text NOT NULL,
  PRIMARY KEY (`id`)
) ENGINE=MyISAM  DEFAULT CHARSET=utf8 AUTO_INCREMENT=2 ;

--
-- Dumping data for table `pavoslidergroups`
--

INSERT INTO `pavoslidergroups` (`id`, `title`, `params`) VALUES
(1, 'Clothes slide', 'a:28:{s:5:"title";s:13:"Clothes slide";s:5:"delay";s:4:"9000";s:9:"fullwidth";s:9:"fullwidth";s:5:"width";s:4:"1170";s:6:"height";s:3:"691";s:12:"touch_mobile";s:1:"1";s:13:"stop_on_hover";s:1:"1";s:12:"shuffle_mode";s:1:"0";s:14:"image_cropping";s:1:"0";s:11:"shadow_type";s:1:"0";s:14:"show_time_line";s:1:"1";s:18:"time_line_position";s:6:"bottom";s:16:"background_color";s:7:"#d9d9d9";s:6:"margin";s:7:"0px 0px";s:7:"padding";s:7:"0px 0px";s:16:"background_image";s:1:"0";s:14:"background_url";s:0:"";s:14:"navigator_type";s:5:"thumb";s:16:"navigator_arrows";s:13:"nexttobullets";s:16:"navigation_style";s:5:"round";s:17:"offset_horizontal";s:1:"0";s:15:"offset_vertical";s:1:"0";s:14:"show_navigator";s:1:"1";s:20:"hide_navigator_after";s:3:"200";s:15:"thumbnail_width";s:3:"234";s:16:"thumbnail_height";s:3:"100";s:16:"thumbnail_amount";s:1:"5";s:17:"hide_screen_width";s:0:"";}');

-- --------------------------------------------------------

--
-- Table structure for table `pavosliderlayers`
--

CREATE TABLE IF NOT EXISTS `pavosliderlayers` (
  `id` int(11) NOT NULL AUTO_INCREMENT,
  `title` varchar(255) NOT NULL,
  `parent_id` int(11) NOT NULL,
  `group_id` int(11) NOT NULL,
  `params` text NOT NULL,
  `layersparams` text NOT NULL,
  `image` varchar(255) NOT NULL,
  `status` tinyint(1) NOT NULL,
  `position` int(11) NOT NULL,
  PRIMARY KEY (`id`),
  KEY `id` (`id`)
) ENGINE=MyISAM  DEFAULT CHARSET=utf8 AUTO_INCREMENT=6 ;

--
-- Dumping data for table `pavosliderlayers`
--

INSERT INTO `pavosliderlayers` (`id`, `title`, `parent_id`, `group_id`, `params`, `layersparams`, `image`, `status`, `position`) VALUES
(1, 'slideshow1', 0, 1, 'a:16:{s:2:"id";s:1:"1";s:15:"slider_group_id";s:1:"1";s:12:"slider_title";s:10:"slideshow1";s:13:"slider_status";s:1:"1";s:17:"slider_transition";s:6:"random";s:11:"slider_slot";s:1:"7";s:15:"slider_rotation";s:1:"0";s:15:"slider_duration";s:3:"300";s:12:"slider_delay";s:1:"0";s:11:"slider_link";s:0:"";s:16:"slider_thumbnail";s:28:"data/slider/thumb-slide1.jpg";s:15:"slider_usevideo";s:1:"0";s:14:"slider_videoid";s:0:"";s:16:"slider_videoplay";s:1:"0";s:9:"slider_id";s:1:"1";s:12:"slider_image";s:22:"data/slider/slide1.jpg";}', 'O:8:"stdClass":1:{s:6:"layers";a:3:{i:0;a:20:{s:16:"layer_video_type";s:7:"youtube";s:14:"layer_video_id";s:0:"";s:18:"layer_video_height";s:3:"200";s:17:"layer_video_width";s:3:"300";s:17:"layer_video_thumb";s:0:"";s:8:"layer_id";i:1;s:13:"layer_content";s:0:"";s:10:"layer_type";s:4:"text";s:11:"layer_class";s:31:"small_text border_left bg_black";s:13:"layer_caption";s:11:"Lorem ipsum";s:15:"layer_animation";s:3:"lfl";s:12:"layer_easing";s:13:"easeInOutExpo";s:11:"layer_speed";s:3:"350";s:9:"layer_top";s:3:"150";s:10:"layer_left";s:1:"0";s:13:"layer_endtime";s:1:"0";s:14:"layer_endspeed";s:3:"300";s:18:"layer_endanimation";s:4:"auto";s:15:"layer_endeasing";s:7:"nothing";s:10:"time_start";s:4:"1180";}i:1;a:20:{s:16:"layer_video_type";s:7:"youtube";s:14:"layer_video_id";s:0:"";s:18:"layer_video_height";s:3:"200";s:17:"layer_video_width";s:3:"300";s:17:"layer_video_thumb";s:0:"";s:8:"layer_id";i:2;s:13:"layer_content";s:0:"";s:10:"layer_type";s:4:"text";s:11:"layer_class";s:36:"large_text span border_left bg_black";s:13:"layer_caption";s:56:"30%&lt;span&gt; essentially itwas popularis&lt;/span&gt;";s:15:"layer_animation";s:3:"lfr";s:12:"layer_easing";s:11:"easeInQuart";s:11:"layer_speed";s:3:"350";s:9:"layer_top";s:3:"260";s:10:"layer_left";s:1:"0";s:13:"layer_endtime";s:1:"0";s:14:"layer_endspeed";s:3:"300";s:18:"layer_endanimation";s:4:"auto";s:15:"layer_endeasing";s:7:"nothing";s:10:"time_start";s:4:"2283";}i:2;a:20:{s:16:"layer_video_type";s:7:"youtube";s:14:"layer_video_id";s:0:"";s:18:"layer_video_height";s:3:"200";s:17:"layer_video_width";s:3:"300";s:17:"layer_video_thumb";s:0:"";s:8:"layer_id";i:3;s:13:"layer_content";s:0:"";s:10:"layer_type";s:4:"text";s:11:"layer_class";s:11:"medium_text";s:13:"layer_caption";s:117:"&lt;a href=&quot;index.php?route=product/product_ASM_product_id=78&quot;&gt;Curabitur sempo turpis quis est&lt;/a&gt;";s:15:"layer_animation";s:3:"lfb";s:12:"layer_easing";s:12:"easeOutCubic";s:11:"layer_speed";s:3:"350";s:9:"layer_top";s:3:"420";s:10:"layer_left";s:1:"0";s:13:"layer_endtime";s:1:"0";s:14:"layer_endspeed";s:3:"300";s:18:"layer_endanimation";s:4:"auto";s:15:"layer_endeasing";s:7:"nothing";s:10:"time_start";s:4:"3106";}}}', 'data/slider/slide1.jpg', 1, 0),
(2, 'slideshow2', 0, 1, 'a:16:{s:2:"id";s:1:"2";s:15:"slider_group_id";s:1:"1";s:12:"slider_title";s:10:"slideshow2";s:13:"slider_status";s:1:"1";s:17:"slider_transition";s:6:"random";s:11:"slider_slot";s:1:"7";s:15:"slider_rotation";s:1:"0";s:15:"slider_duration";s:3:"300";s:12:"slider_delay";s:1:"0";s:11:"slider_link";s:0:"";s:16:"slider_thumbnail";s:28:"data/slider/thumb-slide2.jpg";s:15:"slider_usevideo";s:1:"0";s:14:"slider_videoid";s:0:"";s:16:"slider_videoplay";s:1:"0";s:9:"slider_id";s:1:"2";s:12:"slider_image";s:22:"data/slider/slide2.jpg";}', 'O:8:"stdClass":1:{s:6:"layers";a:3:{i:0;a:20:{s:16:"layer_video_type";s:7:"youtube";s:14:"layer_video_id";s:0:"";s:18:"layer_video_height";s:3:"200";s:17:"layer_video_width";s:3:"300";s:17:"layer_video_thumb";s:0:"";s:8:"layer_id";i:1;s:13:"layer_content";s:0:"";s:10:"layer_type";s:4:"text";s:11:"layer_class";s:31:"small_text border_left bg_black";s:13:"layer_caption";s:18:"Proin gravida nibh";s:15:"layer_animation";s:3:"sfr";s:12:"layer_easing";s:11:"easeInQuart";s:11:"layer_speed";s:3:"350";s:9:"layer_top";s:3:"150";s:10:"layer_left";s:1:"0";s:13:"layer_endtime";s:1:"0";s:14:"layer_endspeed";s:3:"300";s:18:"layer_endanimation";s:4:"auto";s:15:"layer_endeasing";s:7:"nothing";s:10:"time_start";s:4:"1679";}i:1;a:20:{s:16:"layer_video_type";s:7:"youtube";s:14:"layer_video_id";s:0:"";s:18:"layer_video_height";s:3:"200";s:17:"layer_video_width";s:3:"300";s:17:"layer_video_thumb";s:0:"";s:8:"layer_id";i:2;s:13:"layer_content";s:0:"";s:10:"layer_type";s:4:"text";s:11:"layer_class";s:36:"large_text span border_left bg_black";s:13:"layer_caption";s:56:"50%&lt;span&gt; essentially itwas popularis&lt;/span&gt;";s:15:"layer_animation";s:3:"lfb";s:12:"layer_easing";s:12:"easeOutCubic";s:11:"layer_speed";s:3:"350";s:9:"layer_top";s:3:"260";s:10:"layer_left";s:1:"0";s:13:"layer_endtime";s:1:"0";s:14:"layer_endspeed";s:3:"300";s:18:"layer_endanimation";s:4:"auto";s:15:"layer_endeasing";s:7:"nothing";s:10:"time_start";s:4:"2523";}i:2;a:20:{s:16:"layer_video_type";s:7:"youtube";s:14:"layer_video_id";s:0:"";s:18:"layer_video_height";s:3:"200";s:17:"layer_video_width";s:3:"300";s:17:"layer_video_thumb";s:0:"";s:8:"layer_id";i:3;s:13:"layer_content";s:0:"";s:10:"layer_type";s:4:"text";s:11:"layer_class";s:11:"medium_text";s:13:"layer_caption";s:95:"&lt;a href=&quot;index.php?route=product/product_ASM_product_id=78&quot;&gt;Read more&lt;/a&gt;";s:15:"layer_animation";s:3:"lfb";s:12:"layer_easing";s:12:"easeOutCubic";s:11:"layer_speed";s:3:"350";s:9:"layer_top";s:3:"420";s:10:"layer_left";s:1:"0";s:13:"layer_endtime";s:1:"0";s:14:"layer_endspeed";s:3:"300";s:18:"layer_endanimation";s:4:"auto";s:15:"layer_endeasing";s:7:"nothing";s:10:"time_start";s:4:"3949";}}}', 'data/slider/slide2.jpg', 1, 0),
(3, 'slideshow3', 0, 1, 'a:16:{s:2:"id";s:1:"3";s:15:"slider_group_id";s:1:"1";s:12:"slider_title";s:10:"slideshow3";s:13:"slider_status";s:1:"1";s:17:"slider_transition";s:6:"random";s:11:"slider_slot";s:1:"7";s:15:"slider_rotation";s:1:"0";s:15:"slider_duration";s:3:"300";s:12:"slider_delay";s:1:"0";s:11:"slider_link";s:0:"";s:16:"slider_thumbnail";s:28:"data/slider/thumb-slide3.jpg";s:15:"slider_usevideo";s:1:"0";s:14:"slider_videoid";s:0:"";s:16:"slider_videoplay";s:1:"0";s:9:"slider_id";s:1:"3";s:12:"slider_image";s:22:"data/slider/slide3.jpg";}', 'O:8:"stdClass":1:{s:6:"layers";a:0:{}}', 'data/slider/slide3.jpg', 1, 0),
(4, 'slideshow4', 0, 1, 'a:16:{s:2:"id";s:1:"4";s:15:"slider_group_id";s:1:"1";s:12:"slider_title";s:10:"slideshow4";s:13:"slider_status";s:1:"1";s:17:"slider_transition";s:6:"random";s:11:"slider_slot";s:1:"7";s:15:"slider_rotation";s:1:"0";s:15:"slider_duration";s:3:"300";s:12:"slider_delay";s:1:"0";s:11:"slider_link";s:0:"";s:16:"slider_thumbnail";s:28:"data/slider/thumb-slide4.jpg";s:15:"slider_usevideo";s:1:"0";s:14:"slider_videoid";s:0:"";s:16:"slider_videoplay";s:1:"0";s:9:"slider_id";s:1:"4";s:12:"slider_image";s:22:"data/slider/slide4.jpg";}', 'O:8:"stdClass":1:{s:6:"layers";a:2:{i:0;a:20:{s:16:"layer_video_type";s:7:"youtube";s:14:"layer_video_id";s:0:"";s:18:"layer_video_height";s:3:"200";s:17:"layer_video_width";s:3:"300";s:17:"layer_video_thumb";s:0:"";s:8:"layer_id";i:1;s:13:"layer_content";s:0:"";s:10:"layer_type";s:4:"text";s:11:"layer_class";s:31:"small_text border_left bg_black";s:13:"layer_caption";s:15:"Curabitur velit";s:15:"layer_animation";s:3:"sft";s:12:"layer_easing";s:11:"easeInCubic";s:11:"layer_speed";s:3:"350";s:9:"layer_top";s:3:"150";s:10:"layer_left";s:1:"0";s:13:"layer_endtime";s:1:"0";s:14:"layer_endspeed";s:3:"300";s:18:"layer_endanimation";s:4:"auto";s:15:"layer_endeasing";s:7:"nothing";s:10:"time_start";s:4:"2043";}i:1;a:20:{s:16:"layer_video_type";s:7:"youtube";s:14:"layer_video_id";s:0:"";s:18:"layer_video_height";s:3:"200";s:17:"layer_video_width";s:3:"300";s:17:"layer_video_thumb";s:0:"";s:8:"layer_id";i:2;s:13:"layer_content";s:0:"";s:10:"layer_type";s:4:"text";s:11:"layer_class";s:11:"medium_text";s:13:"layer_caption";s:107:"&lt;a href=&quot;index.php?route=product/product_ASM_product_id=40&quot;&gt;Quis tincidunt lorem &lt;/a&gt;";s:15:"layer_animation";s:3:"sft";s:12:"layer_easing";s:11:"easeInCubic";s:11:"layer_speed";s:3:"350";s:9:"layer_top";s:3:"260";s:10:"layer_left";s:1:"0";s:13:"layer_endtime";s:1:"0";s:14:"layer_endspeed";s:3:"300";s:18:"layer_endanimation";s:4:"auto";s:15:"layer_endeasing";s:7:"nothing";s:10:"time_start";s:4:"3242";}}}', 'data/slider/slide4.jpg', 1, 0),
(5, 'slideshow5', 0, 1, 'a:16:{s:2:"id";s:1:"5";s:15:"slider_group_id";s:1:"1";s:12:"slider_title";s:10:"slideshow5";s:13:"slider_status";s:1:"1";s:17:"slider_transition";s:6:"random";s:11:"slider_slot";s:1:"7";s:15:"slider_rotation";s:1:"0";s:15:"slider_duration";s:3:"300";s:12:"slider_delay";s:1:"0";s:11:"slider_link";s:0:"";s:16:"slider_thumbnail";s:28:"data/slider/thumb-slide5.jpg";s:15:"slider_usevideo";s:1:"0";s:14:"slider_videoid";s:0:"";s:16:"slider_videoplay";s:1:"0";s:9:"slider_id";s:1:"5";s:12:"slider_image";s:22:"data/slider/slide5.jpg";}', 'O:8:"stdClass":1:{s:6:"layers";a:0:{}}', 'data/slider/slide5.jpg', 1, 0);

-- --------------------------------------------------------

--
-- Table structure for table `extension`
--

CREATE TABLE IF NOT EXISTS `extension` (
  `extension_id` int(11) NOT NULL AUTO_INCREMENT,
  `type` varchar(32) NOT NULL,
  `code` varchar(32) NOT NULL,
  PRIMARY KEY (`extension_id`)
) ENGINE=MyISAM  DEFAULT CHARSET=utf8 AUTO_INCREMENT=485 ;

--
-- Dumping data for table `extension`
--

INSERT INTO `extension` (`type`, `code`) VALUES
('module', 'banner'),
('module', 'carousel'),
('module', 'category'),
('module', 'affiliate'),
('module', 'account'),
('module', 'featured'),
('module', 'themecontrol'),
('module', 'bestseller'),
('module', 'special'),
('module', 'latest'),
('module', 'pavcustom'),
('module', 'pavproductcarousel'),
('module', 'pavblog'),
('module', 'pavbloglatest'),
('module', 'pavblogcomment'),
('module', 'pavblogcategory'),
('module', 'pavtestimonial'),
('module', 'pavsliderlayer'),
('module', 'pavproductfeatured');

-- --------------------------------------------------------

--
-- Table structure for table `setting`
--

CREATE TABLE IF NOT EXISTS `setting` (
  `setting_id` int(11) NOT NULL AUTO_INCREMENT,
  `store_id` int(11) NOT NULL DEFAULT '0',
  `group` varchar(32) NOT NULL,
  `key` varchar(64) NOT NULL,
  `value` text NOT NULL,
  `serialized` tinyint(1) NOT NULL,
  PRIMARY KEY (`setting_id`)
) ENGINE=MyISAM  DEFAULT CHARSET=utf8 AUTO_INCREMENT=4811 ;

--
-- Dumping data for table `setting`
--

INSERT INTO `setting` (`store_id`, `group`, `key`, `value`, `serialized`) VALUES
(0, 'pavsliderlayer', 'pavsliderlayer_module', 'a:1:{i:0;a:5:{s:8:"group_id";s:1:"1";s:9:"layout_id";s:1:"1";s:8:"position";s:9:"slideshow";s:6:"status";s:1:"1";s:10:"sort_order";i:1;}}', 1),
(0, 'pavproductfeatured', 'product1', '', 0),
(0, 'pavproductfeatured', 'pavproductfeatured_action', 'save-edit', 0),
(0, 'pavproductfeatured', 'pavproductfeatured_module', 'a:1:{i:1;a:14:{s:5:"image";a:2:{i:1;s:0:"";i:2;s:0:"";}s:11:"description";a:2:{i:1;s:92:"&lt;p&gt;Nam libero tempore, cum soluta nobis est eligendi optio cumqueconsequat&lt;/p&gt;\r\n";i:2;s:142:"&lt;p&gt;عل الدول الحكم يتم. عرض ماذا بمحاولة الأرواح تم. ثم أضف جسيمة بالحرب.&lt;/p&gt;";}s:11:"block_width";s:2:"12";s:5:"class";s:23:"hightlight-featured-box";s:16:"featured_product";s:23:"31,68,61,70,64,57,66,86";s:5:"width";s:3:"500";s:6:"height";s:3:"612";s:12:"itemsperpage";s:1:"4";s:4:"cols";s:1:"4";s:5:"limit";s:2:"16";s:9:"layout_id";s:1:"1";s:8:"position";s:8:"showcase";s:6:"status";s:1:"1";s:10:"sort_order";i:1;}}', 1),
(0, 'pavcustom', 'pavcustom_module', 'a:11:{i:1;a:8:{s:12:"module_title";a:2:{i:1;s:0:"";i:2;s:0:"";}s:11:"description";a:2:{i:1;s:200:"&lt;div class=&quot;adv-right&quot;&gt;&lt;a href=&quot;index.php?route=product/category&amp;amp;path=18&quot;&gt;&lt;img src=&quot;image/data/demo/adv-sitebar1.jpg&quot; /&gt;&lt;/a&gt;&lt;/div&gt;\r\n";i:2;s:200:"&lt;div class=&quot;adv-right&quot;&gt;&lt;a href=&quot;index.php?route=product/category&amp;amp;path=18&quot;&gt;&lt;img src=&quot;image/data/demo/adv-sitebar1.jpg&quot; /&gt;&lt;/a&gt;&lt;/div&gt;\r\n";}s:10:"show_title";s:1:"0";s:9:"layout_id";s:1:"2";s:8:"position";s:12:"column_right";s:6:"status";s:1:"1";s:12:"module_class";s:0:"";s:10:"sort_order";s:1:"3";}i:2;a:8:{s:12:"module_title";a:2:{i:1;s:0:"";i:2;s:0:"";}s:11:"description";a:2:{i:1;s:198:"&lt;div class=&quot;adv-right&quot;&gt;&lt;a href=&quot;index.php?route=product/category&amp;amp;path=17&quot;&gt;&lt;img src=&quot;image/data/demo/adv-sitebar2.jpg&quot; /&gt;&lt;/a&gt;&lt;/div&gt;";i:2;s:198:"&lt;div class=&quot;adv-right&quot;&gt;&lt;a href=&quot;index.php?route=product/category&amp;amp;path=17&quot;&gt;&lt;img src=&quot;image/data/demo/adv-sitebar2.jpg&quot; /&gt;&lt;/a&gt;&lt;/div&gt;";}s:10:"show_title";s:1:"0";s:9:"layout_id";s:1:"2";s:8:"position";s:12:"column_right";s:6:"status";s:1:"1";s:12:"module_class";s:0:"";s:10:"sort_order";s:1:"4";}i:3;a:8:{s:12:"module_title";a:2:{i:1;s:0:"";i:2;s:0:"";}s:11:"description";a:2:{i:1;s:198:"&lt;div class=&quot;adv-right&quot;&gt;&lt;a href=&quot;index.php?route=product/category&amp;amp;path=18&quot;&gt;&lt;img src=&quot;image/data/demo/adv-sitebar1.jpg&quot; /&gt;&lt;/a&gt;&lt;/div&gt;";i:2;s:198:"&lt;div class=&quot;adv-right&quot;&gt;&lt;a href=&quot;index.php?route=product/category&amp;amp;path=18&quot;&gt;&lt;img src=&quot;image/data/demo/adv-sitebar1.jpg&quot; /&gt;&lt;/a&gt;&lt;/div&gt;";}s:10:"show_title";s:1:"0";s:9:"layout_id";s:1:"3";s:8:"position";s:12:"column_right";s:6:"status";s:1:"1";s:12:"module_class";s:0:"";s:10:"sort_order";s:1:"3";}i:4;a:8:{s:12:"module_title";a:2:{i:1;s:0:"";i:2;s:0:"";}s:11:"description";a:2:{i:1;s:198:"&lt;div class=&quot;adv-right&quot;&gt;&lt;a href=&quot;index.php?route=product/category&amp;amp;path=17&quot;&gt;&lt;img src=&quot;image/data/demo/adv-sitebar2.jpg&quot; /&gt;&lt;/a&gt;&lt;/div&gt;";i:2;s:198:"&lt;div class=&quot;adv-right&quot;&gt;&lt;a href=&quot;index.php?route=product/category&amp;amp;path=17&quot;&gt;&lt;img src=&quot;image/data/demo/adv-sitebar2.jpg&quot; /&gt;&lt;/a&gt;&lt;/div&gt;";}s:10:"show_title";s:1:"0";s:9:"layout_id";s:1:"3";s:8:"position";s:12:"column_right";s:6:"status";s:1:"1";s:12:"module_class";s:0:"";s:10:"sort_order";s:1:"4";}i:5;a:8:{s:12:"module_title";a:2:{i:1;s:0:"";i:2;s:0:"";}s:11:"description";a:2:{i:1;s:712:"&lt;div class=&quot;welcome&quot;&gt;\r\n&lt;div class=&quot;image&quot;&gt;&lt;img src=&quot;image/data/demo/welcome.png&quot; /&gt;&lt;/div&gt;\r\n\r\n&lt;div class=&quot;web_block hidden-xs hidden-sm&quot;&gt;\r\n&lt;h1&gt;Welcome !&lt;/h1&gt;\r\n\r\n&lt;h2&gt;Duis sed odio sit amet nibh vulputate cursus a sit sociosqu ad litora&lt;/h2&gt;\r\n\r\n&lt;p&gt;Lorem ipsum dolor sit amet, consectetur adipiscing elit. Nulla mi eros, facilisis ac mollis et, ullamcorper non neque. Cum sociis natoque penatibus et magnis dis parturient montes, nascetur ridiculus mus. Sed ac pretium dui. Praesent arcu dui, convallis eget facilisis in, vulputate ut lacus. Aliquam ultricies laoreet malesuada.&lt;/p&gt;\r\n&lt;/div&gt;\r\n&lt;/div&gt;";i:2;s:917:"&lt;div class=&quot;welcome&quot;&gt;\r\n&lt;div class=&quot;image&quot;&gt;&lt;img src=&quot;image/data/demo/welcome.png&quot; /&gt;&lt;/div&gt;\r\n\r\n&lt;div class=&quot;web_block hidden-xs hidden-sm&quot;&gt;\r\n&lt;h1&gt;مرحباً !&lt;/h1&gt;\r\n\r\n&lt;h2&gt;الأولى الأثناء، ثم حول. وسمّيت واعتلاء أن بعض, في الا ثمّة بلديهما.&lt;/h2&gt;\r\n\r\n&lt;p&gt;وتم ما حقول للصين الإتحاد, بها العسكري الكونجرس مع. جُل بلاده تحرير عن. يكن ان الآخر والإتحاد الإقتصادية, و وتم الحرة أعلنت. اوروبا ولكسمبورغ واندونيسيا، كلّ عن. ثم وصل عقبت عُقر اكتوبر, مع الشرقي الدّفاع وقد. ما الستار بالرغم قبل. هو قِبل بريطانيا، الأوروبيّون ومن.&lt;/p&gt;\r\n&lt;/div&gt;\r\n&lt;/div&gt;";}s:10:"show_title";s:1:"0";s:9:"layout_id";s:1:"1";s:8:"position";s:11:"content_top";s:6:"status";s:1:"1";s:12:"module_class";s:0:"";s:10:"sort_order";s:1:"1";}i:6;a:8:{s:12:"module_title";a:2:{i:1;s:12:"Contact info";i:2;s:25:"وسائل الإتصال";}s:11:"description";a:2:{i:1;s:509:"&lt;ul class=&quot;pav-contact-us clearfix&quot;&gt;\r\n	&lt;li&gt;&lt;i class=&quot;icon fa fa-home&quot;&gt;&amp;nbsp;&lt;/i&gt;\r\n\r\n	&lt;div class=&quot;l-text&quot;&gt;Expand Solution Company&lt;br /&gt;\r\n	Limited&lt;/div&gt;\r\n	&lt;/li&gt;\r\n	&lt;li&gt;&lt;i class=&quot;icon fa fa-phone&quot;&gt;&amp;nbsp;&lt;/i&gt; + 084 123 678 999&lt;br /&gt;\r\n	+ 084 987 123 654&lt;/li&gt;\r\n	&lt;li&gt;&lt;i class=&quot;icon fa fa-envelope-o&quot;&gt;&amp;nbsp;&lt;/i&gt; Email: info@expand.sln&lt;/li&gt;\r\n&lt;/ul&gt;\r\n";i:2;s:532:"&lt;ul class=&quot;pav-contact-us clearfix&quot;&gt;\r\n	&lt;li&gt;&lt;i class=&quot;icon fa fa-home&quot;&gt;&amp;nbsp;&lt;/i&gt;\r\n	&lt;div class=&quot;l-text&quot;&gt;شركة حلول إكسباند&lt;br /&gt;\r\n	المحدودة&lt;/div&gt;\r\n	&lt;/li&gt;\r\n	&lt;li&gt;&lt;i class=&quot;icon fa fa-phone&quot;&gt;&amp;nbsp;&lt;/i&gt; + 084 123 678 999&lt;br /&gt;\r\n	+ 084 987 123 654&lt;/li&gt;\r\n	&lt;li&gt;&lt;i class=&quot;icon fa fa-envelope-o&quot;&gt;&amp;nbsp;&lt;/i&gt; البريد: info@expand.sln&lt;/li&gt;\r\n&lt;/ul&gt;\r\n";}s:10:"show_title";s:1:"1";s:9:"layout_id";s:5:"99999";s:8:"position";s:13:"footer_center";s:6:"status";s:1:"1";s:12:"module_class";s:0:"";s:10:"sort_order";s:1:"1";}i:7;a:8:{s:12:"module_title";a:2:{i:1;s:6:"Brands";i:2;s:17:" العلامات";}s:11:"description";a:2:{i:1;s:1220:"&lt;div class=&quot;box&quot;&gt;\r\n&lt;ul class=&quot;list&quot;&gt;\r\n	&lt;li&gt;&lt;a href=&quot;index.php?route=information/information&amp;amp;information_id=4&quot;&gt;About Us&lt;/a&gt;&lt;/li&gt;\r\n	&lt;li&gt;&lt;a href=&quot;index.php?route=information/information&amp;amp;information_id=6&quot;&gt;Delivery Information&lt;/a&gt;&lt;/li&gt;\r\n	&lt;li&gt;&lt;a href=&quot;index.php?route=information/information&amp;amp;information_id=3&quot;&gt;Privacy Policy&lt;/a&gt;&lt;/li&gt;\r\n	&lt;li&gt;&lt;a href=&quot;index.php?route=information/information&amp;amp;information_id=5&quot;&gt;Terms &amp;amp; Conditions&lt;/a&gt;&lt;/li&gt;\r\n	&lt;li&gt;&lt;a href=&quot;index.php?route=information/information&amp;amp;information_id=4&quot;&gt;Cum sociis&lt;/a&gt;&lt;/li&gt;\r\n	&lt;li&gt;&lt;a href=&quot;index.php?route=information/information&amp;amp;information_id=6&quot;&gt;Phasellus lacinia&lt;/a&gt;&lt;/li&gt;\r\n	&lt;li&gt;&lt;a href=&quot;index.php?route=information/information&amp;amp;information_id=3&quot;&gt;Donec massa&lt;/a&gt;&lt;/li&gt;\r\n	&lt;li&gt;&lt;a href=&quot;index.php?route=information/information&amp;amp;information_id=5&quot;&gt;Vivamus convallis&lt;/a&gt;&lt;/li&gt;\r\n&lt;/ul&gt;\r\n&lt;/div&gt;\r\n";i:2;s:1276:"&lt;div class=&quot;box&quot;&gt;\r\n&lt;ul class=&quot;list&quot;&gt;\r\n	&lt;li&gt;&lt;a href=&quot;index.php?route=information/information&amp;amp;information_id=4&quot;&gt;عن الشركة&lt;/a&gt;&lt;/li&gt;\r\n	&lt;li&gt;&lt;a href=&quot;index.php?route=information/information&amp;amp;information_id=6&quot;&gt;معلومات الشحن&lt;/a&gt;&lt;/li&gt;\r\n	&lt;li&gt;&lt;a href=&quot;index.php?route=information/information&amp;amp;information_id=3&quot;&gt;سياسة الخصوصية&lt;/a&gt;&lt;/li&gt;\r\n	&lt;li&gt;&lt;a href=&quot;index.php?route=information/information&amp;amp;information_id=5&quot;&gt;الشروط و الأحكام&lt;/a&gt;&lt;/li&gt;\r\n	&lt;li&gt;&lt;a href=&quot;index.php?route=information/information&amp;amp;information_id=4&quot;&gt;كون صفر&lt;/a&gt;&lt;/li&gt;\r\n	&lt;li&gt;&lt;a href=&quot;index.php?route=information/information&amp;amp;information_id=6&quot;&gt;أحداث فضاء&lt;/a&gt;&lt;/li&gt;\r\n	&lt;li&gt;&lt;a href=&quot;index.php?route=information/information&amp;amp;information_id=3&quot;&gt;الحكون الأرضي&lt;/a&gt;&lt;/li&gt;\r\n	&lt;li&gt;&lt;a href=&quot;index.php?route=information/information&amp;amp;information_id=5&quot;&gt;إمشاء رائيسي&lt;/a&gt;&lt;/li&gt;\r\n&lt;/ul&gt;\r\n&lt;/div&gt;\r\n";}s:10:"show_title";s:1:"1";s:9:"layout_id";s:5:"99999";s:8:"position";s:13:"footer_center";s:6:"status";s:1:"1";s:12:"module_class";s:0:"";s:10:"sort_order";s:1:"2";}i:8;a:8:{s:12:"module_title";a:2:{i:1;s:8:"Services";i:2;s:14:"الخدمات";}s:11:"description";a:2:{i:1;s:921:"&lt;div class=&quot;box&quot;&gt;\r\n&lt;ul class=&quot;list&quot;&gt;\r\n	&lt;li&gt;&lt;a href=&quot;index.php?route=product/manufacturer&quot;&gt;Brands&lt;/a&gt;&lt;/li&gt;\r\n	&lt;li&gt;&lt;a href=&quot;index.php?route=account/voucher&quot;&gt;Gift Vouchers&lt;/a&gt;&lt;/li&gt;\r\n	&lt;li&gt;&lt;a href=&quot;index.php?route=affiliate/account&quot;&gt;Affiliates&lt;/a&gt;&lt;/li&gt;\r\n	&lt;li&gt;&lt;a href=&quot;index.php?route=product/special&quot;&gt;Specials&lt;/a&gt;&lt;/li&gt;\r\n	&lt;li&gt;&lt;a href=&quot;index.php?route=account/account&quot;&gt;My Account&lt;/a&gt;&lt;/li&gt;\r\n	&lt;li&gt;&lt;a href=&quot;index.php?route=account/order&quot;&gt;Order History&lt;/a&gt;&lt;/li&gt;\r\n	&lt;li&gt;&lt;a href=&quot;index.php?route=account/wishlist&quot;&gt;Wish List&lt;/a&gt;&lt;/li&gt;\r\n	&lt;li&gt;&lt;a href=&quot;index.php?route=account/newsletter&quot;&gt;Newsletter&lt;/a&gt;&lt;/li&gt;\r\n&lt;/ul&gt;\r\n&lt;/div&gt;\r\n";i:2;s:1020:"&lt;div class=&quot;box&quot;&gt;\r\n&lt;ul class=&quot;list&quot;&gt;\r\n	&lt;li&gt;&lt;a href=&quot;index.php?route=product/manufacturer&quot;&gt;العلامات&lt;/a&gt;&lt;/li&gt;\r\n	&lt;li&gt;&lt;a href=&quot;index.php?route=account/voucher&quot;&gt;كروت الهدايا&lt;/a&gt;&lt;/li&gt;\r\n	&lt;li&gt;&lt;a href=&quot;index.php?route=affiliate/account&quot;&gt;الشركات التابعة&lt;/a&gt;&lt;/li&gt;\r\n	&lt;li&gt;&lt;a href=&quot;index.php?route=product/special&quot;&gt;العروض الخاصة&lt;/a&gt;&lt;/li&gt;\r\n	&lt;li&gt;&lt;a href=&quot;index.php?route=account/account&quot;&gt;حسابي&lt;/a&gt;&lt;/li&gt;\r\n	&lt;li&gt;&lt;a href=&quot;index.php?route=account/order&quot;&gt;سجل الطلبات&lt;/a&gt;&lt;/li&gt;\r\n	&lt;li&gt;&lt;a href=&quot;index.php?route=account/wishlist&quot;&gt;قائمة الرغبات&lt;/a&gt;&lt;/li&gt;\r\n	&lt;li&gt;&lt;a href=&quot;index.php?route=account/newsletter&quot;&gt;النشرة البريدية&lt;/a&gt;&lt;/li&gt;\r\n&lt;/ul&gt;\r\n&lt;/div&gt;\r\n";}s:10:"show_title";s:1:"1";s:9:"layout_id";s:5:"99999";s:8:"position";s:13:"footer_center";s:6:"status";s:1:"1";s:12:"module_class";s:0:"";s:10:"sort_order";s:1:"3";}i:9;a:8:{s:12:"module_title";a:2:{i:1;s:11:"Useful link";i:2;s:21:"وصلات مفيدة";}s:11:"description";a:2:{i:1;s:949:"&lt;div class=&quot;box&quot;&gt;\r\n&lt;ul class=&quot;list&quot;&gt;\r\n	&lt;li&gt;&lt;a href=&quot;index.php?route=information/contact&quot;&gt;Contact Us&lt;/a&gt;&lt;/li&gt;\r\n	&lt;li&gt;&lt;a href=&quot;index.php?route=account/return/insert&quot;&gt;Returns&lt;/a&gt;&lt;/li&gt;\r\n	&lt;li&gt;&lt;a href=&quot;index.php?route=information/sitemap&quot;&gt;Site Map&lt;/a&gt;&lt;/li&gt;\r\n	&lt;li&gt;&lt;a href=&quot;index.php?route=account/voucher&quot;&gt;Gift Vouchers&lt;/a&gt;&lt;/li&gt;\r\n	&lt;li&gt;&lt;a href=&quot;index.php?route=information/contact&quot;&gt;Suspendisse&lt;/a&gt;&lt;/li&gt;\r\n	&lt;li&gt;&lt;a href=&quot;index.php?route=account/return/insert&quot;&gt;Quisque lacinia&lt;/a&gt;&lt;/li&gt;\r\n	&lt;li&gt;&lt;a href=&quot;index.php?route=information/sitemap&quot;&gt;Cras libero&lt;/a&gt;&lt;/li&gt;\r\n	&lt;li&gt;&lt;a href=&quot;index.php?route=account/voucher&quot;&gt;Proin laoreet&lt;/a&gt;&lt;/li&gt;\r\n&lt;/ul&gt;\r\n&lt;/div&gt;\r\n";i:2;s:1017:"&lt;div class=&quot;box&quot;&gt;\r\n&lt;ul class=&quot;list&quot;&gt;\r\n	&lt;li&gt;&lt;a href=&quot;index.php?route=information/contact&quot;&gt;إتصل بنا&lt;/a&gt;&lt;/li&gt;\r\n	&lt;li&gt;&lt;a href=&quot;index.php?route=account/return/insert&quot;&gt;المرتجعات&lt;/a&gt;&lt;/li&gt;\r\n	&lt;li&gt;&lt;a href=&quot;index.php?route=information/sitemap&quot;&gt;خريطة الموقع&lt;/a&gt;&lt;/li&gt;\r\n	&lt;li&gt;&lt;a href=&quot;index.php?route=account/voucher&quot;&gt;كروت الهدايا&lt;/a&gt;&lt;/li&gt;\r\n	&lt;li&gt;&lt;a href=&quot;index.php?route=information/contact&quot;&gt;الإيقافات&lt;/a&gt;&lt;/li&gt;\r\n	&lt;li&gt;&lt;a href=&quot;index.php?route=account/return/insert&quot;&gt;كلور منسوب&lt;/a&gt;&lt;/li&gt;\r\n	&lt;li&gt;&lt;a href=&quot;index.php?route=information/sitemap&quot;&gt;إدارة صغيرة&lt;/a&gt;&lt;/li&gt;\r\n	&lt;li&gt;&lt;a href=&quot;index.php?route=account/voucher&quot;&gt;إحتواء أخر&lt;/a&gt;&lt;/li&gt;\r\n&lt;/ul&gt;\r\n&lt;/div&gt;\r\n";}s:10:"show_title";s:1:"1";s:9:"layout_id";s:5:"99999";s:8:"position";s:13:"footer_center";s:6:"status";s:1:"1";s:12:"module_class";s:0:"";s:10:"sort_order";s:1:"4";}i:10;a:8:{s:12:"module_title";a:2:{i:1;s:12:"Subscribe us";i:2;s:19:"إشترك معنا";}s:11:"description";a:2:{i:1;s:1589:"&lt;div class=&quot;box &quot;&gt;\r\n&lt;div class=&quot;newsletter-submit&quot;&gt;&lt;input alt=&quot;username&quot; class=&quot;inputbox&quot; name=&quot;email&quot; size=&quot;31&quot; type=&quot;text&quot; value=&quot;Type your email&quot; /&gt;&lt;input class=&quot;button&quot; name=&quot;Submit&quot; type=&quot;submit&quot; value=&quot;Sign up&quot; /&gt;&lt;/div&gt;\r\n\r\n&lt;p&gt;Sunday when we are open from and dions contact page.&lt;/p&gt;\r\n&lt;/div&gt;\r\n\r\n&lt;div class=&quot;box&quot;&gt;\r\n&lt;div class=&quot;box-heading&quot;&gt;Get social&lt;/div&gt;\r\n&lt;/div&gt;\r\n\r\n&lt;div class=&quot;social&quot;&gt;\r\n&lt;ul&gt;\r\n	&lt;li class=&quot;facebook&quot;&gt;&lt;a href=&quot;#&quot;&gt;&lt;i class=&quot;fa fa-facebook stack&quot;&gt;&lt;span&gt;Facebook&lt;/span&gt;&lt;/i&gt;&lt;/a&gt;&lt;/li&gt;\r\n	&lt;li class=&quot;twitter&quot;&gt;&lt;a class=&quot;twitter&quot; href=&quot;#&quot;&gt;&lt;i class=&quot;fa fa-twitter stack&quot;&gt;&lt;span&gt;Twitter&lt;/span&gt;&lt;/i&gt;&lt;/a&gt;&lt;/li&gt;\r\n	&lt;li class=&quot;google&quot;&gt;&lt;a href=&quot;#&quot;&gt;&lt;i class=&quot;fa fa-google-plus stack&quot;&gt;&lt;span&gt;Google Plus&lt;/span&gt;&lt;/i&gt;&lt;/a&gt;&lt;/li&gt;\r\n	&lt;li class=&quot;youtube&quot;&gt;&lt;a href=&quot;#&quot;&gt;&lt;i class=&quot;fa fa-youtube stack&quot;&gt;&lt;span&gt;Youtube&lt;/span&gt;&lt;/i&gt;&lt;/a&gt;&lt;/li&gt;\r\n	&lt;li class=&quot;pinterest&quot;&gt;&lt;a href=&quot;#&quot;&gt;&lt;i class=&quot;fa fa-pinterest stack&quot;&gt;&lt;span&gt;Printerest&lt;/span&gt;&lt;/i&gt;&lt;/a&gt;&lt;/li&gt;\r\n&lt;/ul&gt;\r\n&lt;/div&gt;\r\n";i:2;s:1649:"&lt;div class=&quot;box &quot;&gt;\r\n&lt;div class=&quot;newsletter-submit&quot;&gt;&lt;input alt=&quot;username&quot; class=&quot;inputbox&quot; name=&quot;email&quot; size=&quot;31&quot; type=&quot;text&quot; value=&quot;أدخل بريدك&quot; /&gt;&lt;input class=&quot;button&quot; name=&quot;Submit&quot; type=&quot;submit&quot; value=&quot;إشتراك&quot; /&gt;&lt;/div&gt;\r\n\r\n&lt;p&gt;ثم والحزب والكوري ضرب, أواخر مساعدة الوراء عدد من.&lt;/p&gt;\r\n&lt;/div&gt;\r\n\r\n&lt;div class=&quot;box&quot;&gt;\r\n&lt;div class=&quot;box-heading&quot;&gt;كن إجتماعياً&lt;/div&gt;\r\n&lt;/div&gt;\r\n\r\n&lt;div class=&quot;social&quot;&gt;\r\n&lt;ul&gt;\r\n	&lt;li class=&quot;facebook&quot;&gt;&lt;a href=&quot;#&quot;&gt;&lt;i class=&quot;fa fa-facebook stack&quot;&gt;&lt;span&gt;Facebook&lt;/span&gt;&lt;/i&gt;&lt;/a&gt;&lt;/li&gt;\r\n	&lt;li class=&quot;twitter&quot;&gt;&lt;a class=&quot;twitter&quot; href=&quot;#&quot;&gt;&lt;i class=&quot;fa fa-twitter stack&quot;&gt;&lt;span&gt;Twitter&lt;/span&gt;&lt;/i&gt;&lt;/a&gt;&lt;/li&gt;\r\n	&lt;li class=&quot;google&quot;&gt;&lt;a href=&quot;#&quot;&gt;&lt;i class=&quot;fa fa-google-plus stack&quot;&gt;&lt;span&gt;Google Plus&lt;/span&gt;&lt;/i&gt;&lt;/a&gt;&lt;/li&gt;\r\n	&lt;li class=&quot;youtube&quot;&gt;&lt;a href=&quot;#&quot;&gt;&lt;i class=&quot;fa fa-youtube stack&quot;&gt;&lt;span&gt;Youtube&lt;/span&gt;&lt;/i&gt;&lt;/a&gt;&lt;/li&gt;\r\n	&lt;li class=&quot;pinterest&quot;&gt;&lt;a href=&quot;#&quot;&gt;&lt;i class=&quot;fa fa-pinterest stack&quot;&gt;&lt;span&gt;Printerest&lt;/span&gt;&lt;/i&gt;&lt;/a&gt;&lt;/li&gt;\r\n&lt;/ul&gt;\r\n&lt;/div&gt;\r\n";}s:10:"show_title";s:1:"1";s:9:"layout_id";s:5:"99999";s:8:"position";s:13:"footer_center";s:6:"status";s:1:"1";s:12:"module_class";s:0:"";s:10:"sort_order";s:1:"5";}i:11;a:8:{s:12:"module_title";a:2:{i:1;s:0:"";i:2;s:0:"";}s:11:"description";a:2:{i:1;s:1550:"&lt;div class=&quot;pav-static&quot;&gt;\r\n&lt;ul&gt;\r\n	&lt;li class=&quot;col-xs-12 col-sm-6 col-lg-3&quot;&gt;\r\n	&lt;p class=&quot;box-1&quot;&gt;&lt;span class=&quot;pv-icon pv-icon-feature&quot;&gt;Fearture&lt;/span&gt;&lt;/p&gt;\r\n\r\n	&lt;div class=&quot;static-text&quot;&gt;\r\n	&lt;h3 class=&quot;title-block&quot;&gt;Fearture&lt;/h3&gt;\r\n\r\n	&lt;p&gt;Lorem ipsum dolor sit amet&lt;/p&gt;\r\n	&lt;/div&gt;\r\n	&lt;/li&gt;\r\n	&lt;li class=&quot;col-xs-12 col-sm-6 col-lg-3&quot;&gt;\r\n	&lt;p class=&quot;box-2&quot;&gt;&lt;span class=&quot;pv-icon pv-con-support&quot;&gt;Support&lt;/span&gt;&lt;/p&gt;\r\n\r\n	&lt;div class=&quot;static-text&quot;&gt;\r\n	&lt;h3 class=&quot;title-block&quot;&gt;Support&lt;/h3&gt;\r\n\r\n	&lt;p&gt;Lorem ipsum dolor sit amet&lt;/p&gt;\r\n	&lt;/div&gt;\r\n	&lt;/li&gt;\r\n	&lt;li class=&quot;col-xs-12 col-sm-6 col-lg-3&quot;&gt;\r\n	&lt;p class=&quot;box-3&quot;&gt;&lt;span class=&quot;pv-icon pv-con-shipping&quot;&gt;Shipping&lt;/span&gt;&lt;/p&gt;\r\n\r\n	&lt;div class=&quot;static-text&quot;&gt;\r\n	&lt;h3 class=&quot;title-block&quot;&gt;Free shipping&lt;/h3&gt;\r\n\r\n	&lt;p&gt;Lorem ipsum dolor sit amet&lt;/p&gt;\r\n	&lt;/div&gt;\r\n	&lt;/li&gt;\r\n	&lt;li class=&quot;col-xs-12 col-sm-6 col-lg-3&quot;&gt;\r\n	&lt;p class=&quot;box-4&quot;&gt;&lt;span class=&quot;pv-icon pv-con-mauris&quot;&gt;Mauris&lt;/span&gt;&lt;/p&gt;\r\n\r\n	&lt;div class=&quot;static-text&quot;&gt;\r\n	&lt;h3 class=&quot;title-block&quot;&gt;Mauris nisi&lt;/h3&gt;\r\n\r\n	&lt;p&gt;Lorem ipsum dolor sit amet&lt;/p&gt;\r\n	&lt;/div&gt;\r\n	&lt;/li&gt;\r\n&lt;/ul&gt;\r\n&lt;/div&gt;\r\n";i:2;s:1686:"&lt;div class=&quot;pav-static&quot;&gt;\r\n&lt;ul&gt;\r\n	&lt;li class=&quot;col-xs-12 col-sm-6 col-lg-3&quot;&gt;\r\n	&lt;p class=&quot;box-1&quot;&gt;&lt;span class=&quot;pv-icon pv-icon-feature&quot;&gt;ميزة&lt;/span&gt;&lt;/p&gt;\r\n\r\n	&lt;div class=&quot;static-text&quot;&gt;\r\n	&lt;h3 class=&quot;title-block&quot;&gt;التميّز&lt;/h3&gt;\r\n\r\n	&lt;p&gt;تحت في مرمى مواقعها الأولية&lt;/p&gt;\r\n	&lt;/div&gt;\r\n	&lt;/li&gt;\r\n	&lt;li class=&quot;col-xs-12 col-sm-6 col-lg-3&quot;&gt;\r\n	&lt;p class=&quot;box-2&quot;&gt;&lt;span class=&quot;pv-icon pv-con-support&quot;&gt;الدعم&lt;/span&gt;&lt;/p&gt;\r\n\r\n	&lt;div class=&quot;static-text&quot;&gt;\r\n	&lt;h3 class=&quot;title-block&quot;&gt;الدعم&lt;/h3&gt;\r\n\r\n	&lt;p&gt;تحت في مرمى مواقعها الأولية&lt;/p&gt;\r\n	&lt;/div&gt;\r\n	&lt;/li&gt;\r\n	&lt;li class=&quot;col-xs-12 col-sm-6 col-lg-3&quot;&gt;\r\n	&lt;p class=&quot;box-3&quot;&gt;&lt;span class=&quot;pv-icon pv-con-shipping&quot;&gt;الشحن&lt;/span&gt;&lt;/p&gt;\r\n\r\n	&lt;div class=&quot;static-text&quot;&gt;\r\n	&lt;h3 class=&quot;title-block&quot;&gt;الشحن مجاني&lt;/h3&gt;\r\n\r\n	&lt;p&gt;تحت في مرمى مواقعها الأولية&lt;/p&gt;\r\n	&lt;/div&gt;\r\n	&lt;/li&gt;\r\n	&lt;li class=&quot;col-xs-12 col-sm-6 col-lg-3&quot;&gt;\r\n	&lt;p class=&quot;box-4&quot;&gt;&lt;span class=&quot;pv-icon pv-con-mauris&quot;&gt;الأمن&lt;/span&gt;&lt;/p&gt;\r\n\r\n	&lt;div class=&quot;static-text&quot;&gt;\r\n	&lt;h3 class=&quot;title-block&quot;&gt;الأمان الكامل&lt;/h3&gt;\r\n\r\n	&lt;p&gt;تحت في مرمى مواقعها الأولية&lt;/p&gt;\r\n	&lt;/div&gt;\r\n	&lt;/li&gt;\r\n&lt;/ul&gt;\r\n&lt;/div&gt;\r\n";}s:10:"show_title";s:1:"0";s:9:"layout_id";s:5:"99999";s:8:"position";s:10:"footer_top";s:6:"status";s:1:"1";s:12:"module_class";s:0:"";s:10:"sort_order";s:0:"";}}', 1),
(0, 'themecontrol', 'themecontrol', 'a:68:{s:13:"default_theme";s:11:"pav_clothes";s:9:"layout_id";s:1:"1";s:8:"position";s:1:"1";s:21:"cateogry_display_mode";s:4:"grid";s:24:"listing_products_columns";s:1:"0";s:30:"listing_products_columns_small";s:1:"2";s:34:"listing_products_columns_minismall";s:1:"1";s:14:"category_pzoom";s:1:"1";s:15:"show_swap_image";s:1:"0";s:18:"product_enablezoom";s:1:"1";s:19:"product_zoomgallery";s:6:"slider";s:16:"product_zoommode";s:5:"basic";s:20:"product_zoomlenssize";s:3:"150";s:18:"product_zoomeasing";s:1:"1";s:21:"product_zoomlensshape";s:5:"basic";s:22:"product_related_column";s:1:"0";s:24:"enable_product_customtab";s:1:"0";s:22:"product_customtab_name";a:2:{i:1;s:0:"";i:2;s:0:"";}s:25:"product_customtab_content";a:2:{i:1;s:0:"";i:2;s:0:"";}s:16:"location_address";s:14:"Hanoi, Vietnam";s:17:"location_latitude";s:10:"21.0333333";s:18:"location_longitude";s:18:"105.85000000000002";s:18:"contact_customhtml";a:2:{i:1;s:677:"&lt;div class=&quot;contact-customhtml&quot;&gt;\r\n&lt;p&gt;Lorem ipsum dolor sit amet, consectetur adipiscing elit. Pellentesque non dui at sapien tempor gravida ut vel arcu. Nullam ac eros eros, et ullamcorper leo.&lt;/p&gt;\r\n\r\n&lt;ul&gt;\r\n	&lt;li&gt;&lt;i class=&quot;iconbox button fa fa-tasks&quot;&gt;&amp;nbsp;&lt;/i&gt;&lt;span&gt;&lt;strong&gt;Customer Service&lt;/strong&gt;&lt;br /&gt;\r\n	info@yourstore.com&lt;/span&gt;&lt;/li&gt;\r\n	&lt;li&gt;&lt;i class=&quot;iconbox button fa fa-share&quot;&gt;&amp;nbsp;&lt;/i&gt;&lt;span&gt;&lt;strong&gt;Returns and Refunds:&lt;/strong&gt;&lt;br /&gt;\r\n	returns@yourstore.com&lt;/span&gt;&lt;/li&gt;\r\n&lt;/ul&gt;\r\n&lt;/div&gt;\r\n";i:2;s:892:"&lt;div class=&quot;contact-customhtml&quot;&gt;\r\n&lt;p&gt;إذ مدن تصفح واُسدل إستعمل, دنو إذ السفن مسؤولية والإتحاد, أضف أن واُسدل بتطويق. مع بالفشل الثالث المبرمة أخذ, قد كلّ ماذا مدينة. تكبّد اتفاقية التبرعات دنو أي, بحث عل تطوير التّحول, أن دول معقل ويكيبيديا.&lt;/p&gt;\r\n\r\n&lt;ul&gt;\r\n	&lt;li&gt;&lt;i class=&quot;iconbox button fa fa-tasks&quot;&gt;&amp;nbsp;&lt;/i&gt;&lt;span&gt;&lt;strong&gt;خدمة العملاء&lt;/strong&gt;&lt;br /&gt;\r\n	info@yourstore.com&lt;/span&gt;&lt;/li&gt;\r\n	&lt;li&gt;&lt;i class=&quot;iconbox button fa fa-share&quot;&gt;&amp;nbsp;&lt;/i&gt;&lt;span&gt;&lt;strong&gt;المرتجعات:&lt;/strong&gt;&lt;br /&gt;\r\n	returns@yourstore.com&lt;/span&gt;&lt;/li&gt;\r\n&lt;/ul&gt;\r\n&lt;/div&gt;\r\n";}s:4:"skin";s:0:"";s:11:"theme_width";s:4:"auto";s:23:"enable_custom_copyright";s:1:"0";s:9:"copyright";s:0:"";s:10:"responsive";s:1:"1";s:18:"enable_offsidebars";s:1:"1";s:20:"enable_footer_center";s:1:"1";s:16:"enable_paneltool";s:1:"0";s:23:"enable_development_mode";s:0:"";s:6:"layout";s:9:"fullwidth";s:6:"header";s:11:"keep-header";s:9:"quickview";s:1:"0";s:19:"widget_contact_data";a:2:{i:1;s:328:"&lt;ul&gt;\r\n	&lt;li class=&quot;members&quot;&gt;We have 152 guests and 14 members online&lt;/li&gt;\r\n	&lt;li class=&quot;phone&quot;&gt;Phone: +01 888 (000) 1234&lt;/li&gt;\r\n	&lt;li class=&quot;fax&quot;&gt;Fax: +01 888 (000) 1234&lt;/li&gt;\r\n	&lt;li class=&quot;email&quot;&gt;Email: www.leotheme.com&lt;/li&gt;\r\n&lt;/ul&gt;\r\n";i:2;s:328:"&lt;ul&gt;\r\n	&lt;li class=&quot;members&quot;&gt;We have 152 guests and 14 members online&lt;/li&gt;\r\n	&lt;li class=&quot;phone&quot;&gt;Phone: +01 888 (000) 1234&lt;/li&gt;\r\n	&lt;li class=&quot;fax&quot;&gt;Fax: +01 888 (000) 1234&lt;/li&gt;\r\n	&lt;li class=&quot;email&quot;&gt;Email: www.leotheme.com&lt;/li&gt;\r\n&lt;/ul&gt;\r\n";}s:8:"fontsize";s:2:"12";s:17:"enable_customfont";s:1:"0";s:11:"type_fonts1";s:8:"standard";s:13:"normal_fonts1";s:27:"Verdana, Geneva, sans-serif";s:11:"google_url1";s:0:"";s:14:"google_family1";s:0:"";s:14:"body_selector1";s:0:"";s:11:"type_fonts2";s:8:"standard";s:13:"normal_fonts2";s:27:"Verdana, Geneva, sans-serif";s:11:"google_url2";s:0:"";s:14:"google_family2";s:0:"";s:14:"body_selector2";s:0:"";s:11:"type_fonts3";s:8:"standard";s:13:"normal_fonts3";s:27:"Verdana, Geneva, sans-serif";s:11:"google_url3";s:0:"";s:14:"google_family3";s:0:"";s:14:"body_selector3";s:0:"";s:14:"block_showcase";s:0:"";s:15:"block_promotion";s:0:"";s:16:"block_footer_top";s:0:"";s:19:"block_footer_center";s:0:"";s:19:"block_footer_bottom";s:0:"";s:19:"enable_compress_css";s:0:"";s:17:"exclude_css_files";s:13:"bootstrap.css";s:15:"customize_theme";s:0:"";s:12:"body_pattern";s:0:"";s:12:"use_custombg";s:1:"0";s:8:"bg_image";s:0:"";s:9:"bg_repeat";s:6:"repeat";s:11:"bg_position";s:8:"left top";s:10:"custom_css";s:0:"";s:17:"custom_javascript";s:0:"";}', 1),
(0, 'pavgallery', 'pavgallery_module', 'a:1:{i:0;a:7:{s:9:"banner_id";s:1:"6";s:5:"width";s:3:"128";s:6:"height";s:2:"85";s:9:"layout_id";s:1:"1";s:8:"position";s:9:"promotion";s:6:"status";s:1:"0";s:10:"sort_order";s:1:"2";}}', 1),
(0, 'pavmegamenu_params', 'params', '[{"submenu":1,"subwidth":650,"cols":3,"group":0,"id":2,"rows":[{"cols":[{"widgets":"wid-7","colwidth":4},{"widgets":"wid-7","colwidth":4},{"widgets":"wid-2","colwidth":4}]}]},{"submenu":1,"subwidth":550,"cols":1,"group":0,"id":41,"rows":[{"cols":[{"widgets":"wid-7","colwidth":4},{"widgets":"wid-1","colwidth":8}]}]},{"submenu":"0","subwidth":700,"id":37,"cols":1,"group":0,"rows":[]}]', 0),
(0, 'pavblogcategory', 'pavblogcategory_module', 'a:1:{i:1;a:5:{s:11:"category_id";s:1:"1";s:9:"layout_id";s:2:"12";s:8:"position";s:12:"column_right";s:6:"status";s:1:"1";s:10:"sort_order";s:1:"1";}}', 1),
(0, 'pavblogcomment', 'pavblogcomment_module', 'a:1:{i:1;a:5:{s:5:"limit";s:1:"6";s:9:"layout_id";s:2:"12";s:8:"position";s:12:"column_right";s:6:"status";s:1:"1";s:10:"sort_order";s:1:"2";}}', 1),
(0, 'pavbloglatest', 'pavbloglatest_module', 'a:2:{i:1;a:10:{s:11:"description";a:3:{i:2;s:0:"";i:1;s:0:"";i:3;s:0:"";}s:4:"tabs";s:6:"latest";s:5:"width";s:3:"100";s:6:"height";s:3:"126";s:4:"cols";s:1:"3";s:5:"limit";s:1:"3";s:9:"layout_id";s:1:"1";s:8:"position";s:9:"promotion";s:6:"status";s:1:"1";s:10:"sort_order";i:1;}i:2;a:10:{s:11:"description";a:3:{i:2;s:0:"";i:1;s:0:"";i:3;s:0:"";}s:4:"tabs";s:8:"featured";s:5:"width";s:2:"60";s:6:"height";s:2:"76";s:4:"cols";s:1:"3";s:5:"limit";s:1:"3";s:9:"layout_id";s:2:"12";s:8:"position";s:12:"column_right";s:6:"status";s:1:"1";s:10:"sort_order";s:1:"3";}}', 1),
(0, 'pavproductcarousel', 'pavproductcarousel_module', 'a:1:{i:1;a:20:{s:11:"description";a:2:{i:1;s:93:"&lt;p&gt;Nam libero tempore, cum soluta nobis est eligendi optio cumqueconsequat.&lt;/p&gt;\r\n";i:2;s:142:"&lt;p&gt;عل الدول الحكم يتم. عرض ماذا بمحاولة الأرواح تم. ثم أضف جسيمة بالحرب.&lt;/p&gt;";}s:7:"tooltip";s:1:"0";s:17:"tooltip_placement";s:3:"top";s:12:"tooltip_show";s:3:"100";s:12:"tooltip_hide";s:3:"100";s:13:"tooltip_width";s:3:"200";s:14:"tooltip_height";s:3:"200";s:6:"prefix";s:0:"";s:4:"tabs";a:1:{i:0;s:10:"mostviewed";}s:5:"width";s:3:"500";s:6:"height";s:3:"612";s:12:"itemsperpage";s:1:"5";s:4:"cols";s:1:"5";s:5:"limit";s:2:"15";s:8:"interval";s:4:"8000";s:9:"auto_play";s:1:"0";s:9:"layout_id";s:1:"1";s:8:"position";s:11:"content_top";s:6:"status";s:1:"1";s:10:"sort_order";i:2;}}', 1),
(0, 'pavtestimonial', 'pavtestimonial_module', 'a:1:{i:0;a:11:{s:9:"layout_id";s:1:"1";s:8:"position";s:9:"promotion";s:6:"status";s:1:"1";s:10:"sort_order";i:2;s:9:"auto_play";s:1:"0";s:13:"text_interval";s:4:"8000";s:5:"width";s:2:"60";s:6:"height";s:2:"60";s:11:"column_item";s:1:"1";s:10:"page_items";s:1:"2";s:16:"testimonial_item";a:3:{i:1;a:4:{s:5:"image";s:19:"data/demo/avata.png";s:10:"video_link";s:36:"http://www.youtube.com/v/AIwBUqIoqvo";s:7:"profile";a:2:{i:1;s:86:"&lt;p&gt;&lt;span&gt;Johnny Doe&lt;/span&gt;&lt;br /&gt;\r\nHosting customer&lt;/p&gt;\r\n";i:2;s:104:"&lt;p&gt;&lt;span&gt;إبراهيم على&lt;/span&gt;&lt;br /&gt;\r\nعميل إستضافة&lt;/p&gt;\r\n";}s:11:"description";a:2:{i:1;s:200:"&lt;p&gt;This is gddg Photoshop&amp;#39;s version of Lorem Ipsum. Proin gravida nibh vel velit auctor aliquet. Aenean sollicitudin, lorem quis bibendum auctor, nisi elit consequat ipsum...&lt;/p&gt;\r\n";i:2;s:431:"&lt;p&gt;وتم ما حقول للصين الإتحاد, بها العسكري الكونجرس مع. جُل بلاده تحرير عن. يكن ان الآخر والإتحاد الإقتصادية, و وتم الحرة أعلنت. ثم وصل عقبت عُقر اكتوبر, مع الشرقي الدّفاع وقد. ما الستار بالرغم قبل. هو قِبل بريطانيا، الأوروبيّون ومن.&lt;/p&gt;\r\n";}}i:2;a:4:{s:5:"image";s:20:"data/demo/avata1.jpg";s:10:"video_link";s:36:"http://www.youtube.com/v/AIwBUqIoqvo";s:7:"profile";a:2:{i:1;s:85:"&lt;p&gt;&lt;span&gt;David Doe&lt;/span&gt;&lt;br /&gt;\r\nHosting customer&lt;/p&gt;\r\n";i:2;s:106:"&lt;p&gt;&lt;span&gt;محمد إبراهيم&lt;/span&gt;&lt;br /&gt;\r\nعميل إستضافة&lt;/p&gt;\r\n";}s:11:"description";a:2:{i:1;s:215:"&lt;p&gt;Nam libero tempore, cum soluta nobis est eligendi optio cumque nihil impedit quo minus id quod maxime placeat facere possimus, omnis voluptas assumenda est, omnis dolor repell bloud seimen oyta.&lt;/p&gt;\r\n";i:2;s:294:"&lt;p&gt;شعار وهولندا، والفلبين ولم تم. ثم حيث قادة اتّجة, بزمام ترتيب فكانت بـ كلّ. أخذ بـ وحتى لهذه. من جهة بهيئة بولندا، اليابان،, عل ووصف فرنسية الإكتفاء ذات.&lt;/p&gt;\r\n";}}i:3;a:4:{s:5:"image";s:20:"data/demo/avata2.png";s:10:"video_link";s:0:"";s:7:"profile";a:2:{i:1;s:85:"&lt;p&gt;&lt;span&gt;David Doe&lt;/span&gt;&lt;br /&gt;\r\nHosting customer&lt;/p&gt;\r\n";i:2;s:98:"&lt;p&gt;&lt;span&gt;عمر محمد&lt;/span&gt;&lt;br /&gt;\r\nعميل إستضافة&lt;/p&gt;\r\n";}s:11:"description";a:2:{i:1;s:200:"&lt;p&gt;This is gddg Photoshop&amp;#39;s version of Lorem Ipsum. Proin gravida nibh vel velit auctor aliquet. Aenean sollicitudin, lorem quis bibendum auctor, nisi elit consequat ipsum...&lt;/p&gt;\r\n";i:2;s:279:"&lt;p&gt;كلا قتيل، الشرقي ثم, حين ما الأول الجنرال, يتم أم زهاء وتنامت بمعارضة. ثم هامش جسيمة الحكومة عدد. عجّل بالرّغم أن ذات, أحدث الهجوم العالمي قبل تم.&lt;/p&gt;";}}}}}', 1),
(0, 'pavtwitter', 'pavtwitter_module', 'a:1:{i:1;a:13:{s:9:"layout_id";s:5:"99999";s:8:"position";s:13:"footer_center";s:6:"status";s:1:"0";s:10:"sort_order";s:0:"";s:9:"widget_id";s:18:"366766896986591232";s:5:"count";s:0:"";s:8:"username";s:10:"expandcart";s:5:"theme";s:5:"light";s:10:"link_color";s:6:"CC0000";s:12:"border_color";s:6:"FFFFFF";s:5:"width";s:3:"300";s:6:"height";s:3:"500";s:12:"show_replies";s:1:"1";}}', 1),
(0, 'special', 'special_module', 'a:4:{i:0;a:7:{s:5:"limit";s:1:"1";s:11:"image_width";s:3:"240";s:12:"image_height";s:3:"294";s:9:"layout_id";s:1:"3";s:8:"position";s:12:"column_right";s:6:"status";s:1:"1";s:10:"sort_order";s:1:"2";}i:1;a:7:{s:5:"limit";s:1:"1";s:11:"image_width";s:3:"240";s:12:"image_height";s:3:"294";s:9:"layout_id";s:1:"2";s:8:"position";s:12:"column_right";s:6:"status";s:1:"1";s:10:"sort_order";s:1:"2";}i:2;a:7:{s:5:"limit";s:1:"1";s:11:"image_width";s:3:"240";s:12:"image_height";s:3:"294";s:9:"layout_id";s:1:"5";s:8:"position";s:12:"column_right";s:6:"status";s:1:"1";s:10:"sort_order";s:1:"2";}i:3;a:7:{s:5:"limit";s:1:"1";s:11:"image_width";s:3:"240";s:12:"image_height";s:3:"294";s:9:"layout_id";s:1:"4";s:8:"position";s:12:"column_right";s:6:"status";s:1:"1";s:10:"sort_order";s:1:"2";}}', 1),
(0, 'pavblog_frontmodules', 'pavblog_frontmodules', 'a:1:{s:7:"modules";a:3:{i:0;s:15:"pavblogcategory";i:1;s:14:"pavblogcomment";i:2;s:13:"pavbloglatest";}}', 1),
(0, 'pavcontentslider', 'pavcontentslider_module', 'a:1:{i:0;a:12:{s:9:"layout_id";s:1:"1";s:8:"position";s:9:"promotion";s:6:"status";s:1:"1";s:10:"sort_order";s:1:"2";s:9:"auto_play";s:1:"1";s:13:"text_interval";s:4:"8000";s:5:"width";s:3:"500";s:6:"height";s:3:"333";s:15:"image_navigator";s:1:"1";s:13:"navimg_weight";s:3:"128";s:13:"navimg_height";s:2:"85";s:12:"banner_image";a:2:{i:1;a:7:{s:5:"image";s:21:"data/demo/galary1.jpg";s:4:"link";s:0:"";s:5:"title";a:2:{i:2;a:1:{i:0;s:4:"Test";}i:1;a:1:{i:0;s:0:"";}}s:6:"effect";a:2:{i:2;a:1:{i:0;s:7:"slideUp";}i:1;a:1:{i:0;s:7:"slideUp";}}s:5:"class";a:2:{i:2;a:1:{i:0;s:0:"";}i:1;a:1:{i:0;s:0:"";}}s:3:"top";a:2:{i:2;a:1:{i:0;s:2:"32";}i:1;a:1:{i:0;s:0:"";}}s:4:"left";a:2:{i:2;a:1:{i:0;s:3:"217";}i:1;a:1:{i:0;s:0:"";}}}i:2;a:7:{s:5:"image";s:21:"data/demo/galary2.jpg";s:4:"link";s:0:"";s:5:"title";a:2:{i:2;a:1:{i:0;s:0:"";}i:1;a:1:{i:0;s:0:"";}}s:6:"effect";a:2:{i:2;a:1:{i:0;s:7:"slideUp";}i:1;a:1:{i:0;s:7:"slideUp";}}s:5:"class";a:2:{i:2;a:1:{i:0;s:0:"";}i:1;a:1:{i:0;s:0:"";}}s:3:"top";a:2:{i:2;a:1:{i:0;s:0:"";}i:1;a:1:{i:0;s:0:"";}}s:4:"left";a:2:{i:2;a:1:{i:0;s:0:"";}i:1;a:1:{i:0;s:0:"";}}}}}}', 1),
(0, 'config', 'config_image_product_height', '612', 0),
(0, 'config', 'config_image_product_width', '500', 0),
(0, 'config', 'config_image_popup_height', '612', 0),
(0, 'config', 'config_image_popup_width', '500', 0),
(0, 'config', 'config_image_thumb_height', '612', 0),
(0, 'config', 'config_image_thumb_width', '500', 0),
(0, 'config', 'config_image_category_height', '251', 0),
(0, 'config', 'config_image_category_width', '874', 0),
(0, 'featured', 'featured_product', '', 0),
(0, 'featured', 'product', '', 0),
(0, 'pavblog', 'pavblog', 'a:42:{s:14:"general_lwidth";s:3:"874";s:15:"general_lheight";s:3:"690";s:14:"general_swidth";s:3:"200";s:15:"general_sheight";s:3:"252";s:14:"general_xwidth";s:2:"80";s:15:"general_xheight";s:3:"101";s:14:"rss_limit_item";s:2:"12";s:26:"keyword_listing_blogs_page";s:5:"blogs";s:16:"children_columns";s:1:"1";s:14:"general_cwidth";s:3:"200";s:15:"general_cheight";s:3:"252";s:22:"cat_limit_leading_blog";s:1:"1";s:24:"cat_limit_secondary_blog";s:1:"3";s:22:"cat_leading_image_type";s:1:"s";s:24:"cat_secondary_image_type";s:1:"s";s:24:"cat_columns_leading_blog";s:1:"1";s:27:"cat_columns_secondary_blogs";s:1:"1";s:14:"cat_show_title";s:1:"1";s:20:"cat_show_description";s:1:"1";s:17:"cat_show_readmore";s:1:"1";s:14:"cat_show_image";s:1:"1";s:15:"cat_show_author";s:1:"1";s:17:"cat_show_category";s:1:"1";s:16:"cat_show_created";s:1:"1";s:13:"cat_show_hits";s:1:"1";s:24:"cat_show_comment_counter";s:1:"1";s:15:"blog_image_type";s:1:"l";s:15:"blog_show_title";s:1:"1";s:15:"blog_show_image";s:1:"1";s:16:"blog_show_author";s:1:"1";s:18:"blog_show_category";s:1:"1";s:17:"blog_show_created";s:1:"1";s:25:"blog_show_comment_counter";s:1:"1";s:14:"blog_show_hits";s:1:"1";s:22:"blog_show_comment_form";s:1:"1";s:14:"comment_engine";s:5:"local";s:14:"diquis_account";s:10:"expandcart";s:14:"facebook_appid";s:12:"100858303516";s:13:"comment_limit";s:2:"10";s:14:"facebook_width";s:3:"600";s:20:"auto_publish_comment";s:1:"0";s:16:"enable_recaptcha";s:1:"1";}', 1),
(0, 'config', 'config_image_wishlist_height', '86', 0),
(0, 'config', 'config_image_cart_width', '70', 0),
(0, 'config', 'config_image_cart_height', '86', 0),
(0, 'config', 'config_image_additional_height', '83', 0),
(0, 'config', 'config_image_additional_width', '68', 0),
(0, 'affiliate', 'affiliate_module', 'a:1:{i:0;a:4:{s:9:"layout_id";s:2:"10";s:8:"position";s:12:"column_right";s:6:"status";s:1:"1";s:10:"sort_order";s:1:"1";}}', 1),
(0, 'carousel', 'carousel_module', 'a:2:{i:0;a:9:{s:9:"banner_id";s:1:"8";s:5:"limit";s:1:"5";s:6:"scroll";s:1:"3";s:5:"width";s:2:"55";s:6:"height";s:2:"20";s:9:"layout_id";s:1:"2";s:8:"position";s:12:"column_right";s:6:"status";s:1:"1";s:10:"sort_order";s:1:"5";}i:1;a:9:{s:9:"banner_id";s:1:"8";s:5:"limit";s:1:"5";s:6:"scroll";s:1:"3";s:5:"width";s:2:"55";s:6:"height";s:2:"20";s:9:"layout_id";s:1:"3";s:8:"position";s:12:"column_right";s:6:"status";s:1:"1";s:10:"sort_order";s:1:"5";}}', 1),
(0, 'category', 'category_module', 'a:4:{i:0;a:4:{s:9:"layout_id";s:1:"3";s:8:"position";s:12:"column_right";s:6:"status";s:1:"1";s:10:"sort_order";s:1:"1";}i:1;a:4:{s:9:"layout_id";s:1:"2";s:8:"position";s:12:"column_right";s:6:"status";s:1:"1";s:10:"sort_order";s:1:"1";}i:2;a:4:{s:9:"layout_id";s:1:"5";s:8:"position";s:12:"column_right";s:6:"status";s:1:"1";s:10:"sort_order";s:1:"1";}i:3;a:4:{s:9:"layout_id";s:1:"4";s:8:"position";s:12:"column_right";s:6:"status";s:1:"1";s:10:"sort_order";s:1:"1";}}', 1),
(0, 'config', 'config_image_related_width', '500', 0),
(0, 'config', 'config_image_related_height', '612', 0),
(0, 'config', 'config_image_compare_width', '130', 0),
(0, 'config', 'config_image_compare_height', '159', 0),
(0, 'config', 'config_image_wishlist_width', '70', 0),
(0, 'account', 'account_module', 'a:1:{i:0;a:4:{s:9:"layout_id";s:1:"6";s:8:"position";s:12:"column_right";s:6:"status";s:1:"1";s:10:"sort_order";s:1:"1";}}', 1);