--
-- Table structure for table `megamenu`
--

CREATE TABLE IF NOT EXISTS `megamenu` (
  `megamenu_id` int(11) unsigned NOT NULL AUTO_INCREMENT,
  `image` varchar(255) NOT NULL DEFAULT '',
  `parent_id` int(11) NOT NULL DEFAULT '0',
  `is_group` smallint(6) NOT NULL DEFAULT '2',
  `width` varchar(255) DEFAULT NULL,
  `submenu_width` varchar(255) DEFAULT NULL,
  `colum_width` varchar(255) DEFAULT NULL,
  `submenu_colum_width` varchar(255) DEFAULT NULL,
  `item` varchar(255) DEFAULT NULL,
  `colums` varchar(255) DEFAULT '1',
  `type` varchar(255) NOT NULL,
  `is_content` smallint(6) NOT NULL DEFAULT '2',
  `show_title` smallint(6) NOT NULL DEFAULT '1',
  `type_submenu` varchar(10) NOT NULL DEFAULT '1',
  `level_depth` smallint(6) NOT NULL DEFAULT '0',
  `published` smallint(6) NOT NULL DEFAULT '1',
  `store_id` smallint(5) unsigned NOT NULL DEFAULT '0',
  `position` int(11) unsigned NOT NULL DEFAULT '0',
  `show_sub` smallint(6) NOT NULL DEFAULT '0',
  `url` varchar(255) DEFAULT NULL,
  `target` varchar(25) DEFAULT NULL,
  `privacy` smallint(5) unsigned NOT NULL DEFAULT '0',
  `position_type` varchar(25) DEFAULT 'top',
  `menu_class` varchar(25) DEFAULT NULL,
  `description` text,
  `content_text` text,
  `submenu_content` text,
  `level` int(11) NOT NULL,
  `left` int(11) NOT NULL,
  `right` int(11) NOT NULL,
  `widget_id` int(11) DEFAULT '0',
  PRIMARY KEY (`megamenu_id`)
) ENGINE=InnoDB  DEFAULT CHARSET=utf8 AUTO_INCREMENT=78 ;

--
-- Dumping data for table `megamenu`
--

INSERT INTO `megamenu` (`megamenu_id`, `image`, `parent_id`, `is_group`, `width`, `submenu_width`, `colum_width`, `submenu_colum_width`, `item`, `colums`, `type`, `is_content`, `show_title`, `type_submenu`, `level_depth`, `published`, `store_id`, `position`, `show_sub`, `url`, `target`, `privacy`, `position_type`, `menu_class`, `description`, `content_text`, `submenu_content`, `level`, `left`, `right`, `widget_id`) VALUES
(1, '', 0, 2, NULL, NULL, NULL, NULL, NULL, '1', '', 2, 1, '1', 0, 1, 0, 0, 0, NULL, NULL, 0, 'top', NULL, NULL, NULL, NULL, -5, 34, 47, 0),
(2, '', 1, 0, NULL, NULL, NULL, 'col1=3, col2=3, col3=6', '20', '3', 'category', 0, 1, 'menu', 0, 1, 0, 2, 0, '', NULL, 0, 'top', '', NULL, '', '', 0, 0, 0, 0),
(3, '', 1, 0, NULL, NULL, NULL, 'col1=6, col2=3, col3=3', '25', '4', 'category', 0, 1, 'menu', 0, 1, 0, 3, 0, '', NULL, 0, 'top', 'pav-parrent', NULL, '', '', 0, 0, 0, 0),
(5, '', 1, 0, NULL, NULL, NULL, '', '18', '1', 'category', 0, 1, 'menu', 0, 1, 0, 4, 0, '', NULL, 0, 'top', 'pav-parrent singlesub', NULL, '', '', 0, 0, 0, 0),
(7, '', 1, 0, NULL, NULL, NULL, '', '34', '1', 'category', 0, 1, 'menu', 0, 1, 0, 5, 0, '', NULL, 0, 'top', '', NULL, '', '', 0, 0, 0, 0),
(8, '', 2, 1, NULL, NULL, NULL, '', '62', '1', 'category', 0, 1, 'menu', 0, 1, 0, 1, 0, '', NULL, 0, 'top', 'pav-menu-child', NULL, '', '&lt;p&gt;test&lt;/p&gt;\r\n', 0, 0, 0, 0),
(9, '', 2, 1, NULL, NULL, NULL, '', '59', '1', 'category', 0, 1, 'menu', 0, 1, 0, 2, 0, '', NULL, 0, 'top', '', NULL, '', '', 0, 0, 0, 0),
(10, '', 8, 0, NULL, NULL, NULL, '', '61', '1', 'category', 0, 1, 'menu', 0, 1, 0, 1, 0, '', NULL, 0, 'top', 'pav-menu-child', NULL, '', '', 0, 0, 0, 0),
(11, '', 8, 0, NULL, NULL, NULL, '', '60', '1', 'category', 0, 1, 'menu', 0, 1, 0, 7, 0, '', NULL, 0, 'top', 'pav-menu-child', NULL, '', '', 0, 0, 0, 0),
(12, '', 8, 0, NULL, NULL, NULL, '', '27', '1', 'category', 0, 1, 'menu', 0, 1, 0, 2, 0, '', NULL, 0, 'top', 'pav-menu-child', NULL, '', '', 0, 0, 0, 0),
(13, '', 8, 0, NULL, NULL, NULL, '', '62', '1', 'category', 0, 1, 'menu', 0, 1, 0, 3, 0, '', NULL, 0, 'top', 'pav-menu-child', NULL, '', '', 0, 0, 0, 0),
(14, '', 8, 0, NULL, NULL, NULL, '', '26', '1', 'category', 0, 1, 'menu', 0, 1, 0, 4, 0, '', NULL, 0, 'top', 'pav-menu-child', NULL, '', '', 0, 0, 0, 0),
(15, '', 8, 0, NULL, NULL, NULL, '', '27', '1', 'category', 0, 1, 'menu', 0, 1, 0, 5, 0, '', NULL, 0, 'top', 'pav-menu-child', NULL, '', '', 0, 0, 0, 0),
(16, '', 8, 0, NULL, NULL, NULL, '', '65', '1', 'category', 0, 1, 'menu', 0, 1, 0, 6, 0, '', NULL, 0, 'top', 'pav-menu-child', NULL, '', '', 0, 0, 0, 0),
(17, '', 9, 0, NULL, NULL, NULL, '', '26', '1', 'category', 0, 1, 'menu', 0, 1, 0, 1, 0, '', NULL, 0, 'top', '', NULL, '', '', 0, 0, 0, 0),
(18, '', 9, 0, NULL, NULL, NULL, '', '27', '1', 'category', 0, 1, 'menu', 0, 1, 0, 2, 0, '', NULL, 0, 'top', 'pav-menu-child', NULL, '', '', 0, 0, 0, 0),
(19, '', 9, 0, NULL, NULL, NULL, '', '60', '1', 'category', 0, 1, 'menu', 0, 1, 0, 3, 0, '', NULL, 0, 'top', 'pav-menu-child', NULL, '', '', 0, 0, 0, 0),
(20, '', 9, 0, NULL, NULL, NULL, '', '68', '1', 'category', 0, 1, 'menu', 0, 1, 0, 4, 0, '', NULL, 0, 'top', 'pav-menu-child', NULL, '', '', 0, 0, 0, 0),
(21, '', 9, 0, NULL, NULL, NULL, '', '63', '1', 'category', 0, 1, 'menu', 0, 1, 0, 6, 0, '', NULL, 0, 'top', 'pav-menu-child', NULL, '', '', 0, 0, 0, 0),
(22, '', 9, 0, NULL, NULL, NULL, '', '61', '1', 'category', 0, 1, 'menu', 0, 1, 0, 99, 0, '', NULL, 0, 'top', 'pav-menu-child', NULL, '', '', 0, 0, 0, 0),
(23, '', 9, 0, NULL, NULL, NULL, '', '62', '1', 'category', 0, 1, 'menu', 0, 1, 0, 7, 0, '', NULL, 0, 'top', 'pav-menu-child', NULL, '', '', 0, 0, 0, 0),
(24, '', 2, 0, NULL, NULL, NULL, '', '', '1', 'html', 1, 1, 'menu', 0, 1, 0, 99, 0, '', NULL, 0, 'top', 'pav-menu-child', NULL, '&lt;div class=&quot;pav-menu-video&quot;&gt;&lt;embed height=&quot;180&quot; src=&quot;http://www.youtube.com/v/HZAnJfI6jDo&quot; type=&quot;application/x-shockwave-flash&quot; width=&quot;400&quot;&gt;&lt;/embed&gt;\r\n&lt;h3&gt;Dorem ipsum dolor sit amet consectetur&lt;/h3&gt;\r\n\r\n&lt;p&gt;Dorem ipsum dolor sit amet consectetur adipiscing elit congue sit amet erat roin tincidunt vehicula lorem in adipiscing urna iaculis vel.&lt;/p&gt;\r\n&lt;/div&gt;\r\n', '', 0, 0, 0, 0),
(29, '', 56, 0, NULL, NULL, NULL, '', '29', '1', 'category', 0, 1, 'menu', 0, 1, 0, 1, 0, '', NULL, 0, 'top', '', NULL, '', '', 0, 0, 0, 0),
(31, '', 56, 0, NULL, NULL, NULL, '', '69', '1', 'category', 0, 1, 'menu', 0, 1, 0, 3, 0, '', NULL, 0, 'top', '', NULL, '', '', 0, 0, 0, 0),
(32, '', 56, 0, NULL, NULL, NULL, '', '28', '1', 'category', 0, 1, 'menu', 0, 1, 0, 4, 0, '', NULL, 0, 'top', '', NULL, '', '', 0, 0, 0, 0),
(33, '', 56, 0, NULL, NULL, NULL, '', '32', '1', 'category', 0, 1, 'menu', 0, 1, 0, 7, 0, '', NULL, 0, 'top', '', NULL, '', '', 0, 0, 0, 0),
(34, '', 56, 0, NULL, NULL, NULL, '', '30', '1', 'category', 0, 1, 'menu', 0, 1, 0, 2, 0, '', NULL, 0, 'top', '', NULL, '', '', 0, 0, 0, 0),
(35, '', 56, 0, NULL, NULL, NULL, '', '45', '1', 'category', 0, 1, 'menu', 0, 1, 0, 5, 0, '', NULL, 0, 'top', '', NULL, '', '', 0, 0, 0, 0),
(36, '', 56, 0, NULL, NULL, NULL, '', '36', '1', 'category', 0, 1, 'menu', 0, 1, 0, 6, 0, '', NULL, 0, 'top', '', NULL, '', '', 0, 0, 0, 0),
(37, '', 1, 0, NULL, NULL, NULL, '', '24', '1', 'category', 0, 1, 'menu', 0, 1, 0, 6, 0, '', NULL, 0, 'top', '', NULL, '', '', 0, 0, 0, 0),
(40, '', 1, 0, NULL, NULL, NULL, '', '', '1', 'url', 0, 1, 'menu', 0, 1, 0, 1, 0, '?route=common/home', NULL, 0, 'top', 'home', NULL, '', '', 0, 0, 0, 0),
(41, '', 5, 0, NULL, NULL, NULL, '', '64', '1', 'category', 0, 1, 'menu', 0, 1, 0, 1, 0, '', NULL, 0, 'top', '', NULL, '', '', 0, 0, 0, 0),
(42, '', 5, 0, NULL, NULL, NULL, '', '46', '1', 'category', 0, 1, 'menu', 0, 1, 0, 2, 0, '', NULL, 0, 'top', '', NULL, '', '', 0, 0, 0, 0),
(43, '', 5, 0, NULL, NULL, NULL, '', '67', '1', 'category', 0, 1, 'menu', 0, 1, 0, 3, 0, '', NULL, 0, 'top', '', NULL, '', '', 0, 0, 0, 0),
(44, '', 5, 0, NULL, NULL, NULL, '', '66', '1', 'category', 0, 1, 'menu', 0, 1, 0, 4, 0, '', NULL, 0, 'top', '', NULL, '', '', 0, 0, 0, 0),
(45, '', 5, 0, NULL, NULL, NULL, '', '65', '1', 'category', 0, 1, 'menu', 0, 1, 0, 5, 0, '', NULL, 0, 'top', '', NULL, '', '', 0, 0, 0, 0),
(46, '', 5, 0, NULL, NULL, NULL, '', '45', '1', 'category', 0, 1, 'menu', 0, 1, 0, 6, 0, '', NULL, 0, 'top', '', NULL, '', '', 0, 0, 0, 0),
(47, '', 1, 0, NULL, NULL, NULL, '', '33', '1', 'category', 0, 1, 'menu', 0, 1, 0, 7, 0, 'Sport', NULL, 0, 'top', 'pav-parrent', NULL, '', '', 0, 0, 0, 0),
(48, '', 1, 0, NULL, NULL, NULL, '', '57', '1', 'url', 0, 1, 'menu', 0, 1, 0, 99, 0, 'index.php?route=pavblog/blogs', NULL, 0, 'top', 'pav-parrent', NULL, '', '', 0, 0, 0, 0),
(49, '', 8, 0, NULL, NULL, NULL, '', '32', '1', 'category', 0, 1, 'menu', 0, 1, 0, 8, 0, '', NULL, 0, 'top', '', NULL, '', '', 0, 0, 0, 0),
(50, '', 9, 0, NULL, NULL, NULL, '', '69', '1', 'category', 0, 1, 'menu', 0, 1, 0, 8, 0, '', NULL, 0, 'top', '', NULL, '', '', 0, 0, 0, 0),
(51, '', 12, 0, NULL, NULL, NULL, '', '31', '1', 'category', 0, 1, 'menu', 0, 1, 0, 1, 0, '', NULL, 0, 'top', '', NULL, '', '', 0, 0, 0, 0),
(52, '', 12, 0, NULL, NULL, NULL, '', '29', '1', 'category', 0, 1, 'menu', 0, 1, 0, 2, 0, '', NULL, 0, 'top', '', NULL, '', '', 0, 0, 0, 0),
(53, '', 12, 0, NULL, NULL, NULL, '', '35', '1', 'category', 0, 1, 'menu', 0, 1, 0, 3, 0, '', NULL, 0, 'top', '', NULL, '', '', 0, 0, 0, 0),
(54, '', 12, 0, NULL, NULL, NULL, '', '28', '1', 'category', 0, 1, 'menu', 0, 1, 0, 4, 0, '', NULL, 0, 'top', '', NULL, '', '', 0, 0, 0, 0),
(55, '', 57, 0, NULL, NULL, NULL, '', '46', '1', 'product', 0, 1, 'menu', 0, 1, 0, 1, 0, '', NULL, 0, 'top', '', NULL, '', '', 0, 0, 0, 0),
(56, '', 3, 1, NULL, NULL, NULL, '', '27', '1', 'category', 0, 1, 'menu', 0, 0, 0, 4, 0, '', NULL, 0, 'top', '', NULL, '', '', 0, 0, 0, 0),
(57, '', 3, 1, NULL, NULL, NULL, '', '60', '1', 'category', 0, 1, 'menu', 0, 1, 0, 2, 0, '', NULL, 0, 'top', '', NULL, '', '', 0, 0, 0, 0),
(58, '', 57, 0, NULL, NULL, NULL, '', '35', '1', 'product', 0, 1, 'menu', 0, 1, 0, 2, 0, '', NULL, 0, 'top', '', NULL, '', '', 0, 0, 0, 0),
(59, '', 57, 0, NULL, NULL, NULL, '', '43', '1', 'product', 0, 1, 'menu', 0, 1, 0, 3, 0, '', NULL, 0, 'top', '', NULL, '', '', 0, 0, 0, 0),
(60, '', 57, 0, NULL, NULL, NULL, '', '51', '1', 'product', 0, 1, 'menu', 0, 1, 0, 4, 0, '', NULL, 0, 'top', '', NULL, '', '', 0, 0, 0, 0),
(61, '', 57, 0, NULL, NULL, NULL, '', '28', '1', 'product', 0, 1, 'menu', 0, 1, 0, 5, 0, '', NULL, 0, 'top', '', NULL, '', '', 0, 0, 0, 0),
(62, '', 57, 0, NULL, NULL, NULL, '', '42', '1', 'product', 0, 1, 'menu', 0, 1, 0, 6, 0, '', NULL, 0, 'top', '', NULL, '', '', 0, 0, 0, 0),
(63, '', 57, 0, NULL, NULL, NULL, '', '45', '1', 'product', 0, 1, 'menu', 0, 1, 0, 7, 0, '', NULL, 0, 'top', '', NULL, '', '', 0, 0, 0, 0),
(65, '', 3, 0, NULL, NULL, NULL, 'col1=3 col2=3 col3=6', '', '1', 'html', 0, 1, 'menu', 0, 1, 0, 1, 0, '', NULL, 0, 'top', '', NULL, '&lt;p&gt;&lt;img alt=&quot;System Z906&quot; src=&quot;image/data/demo/submenu_01.png&quot; /&gt;&lt;/p&gt;\r\n\r\n&lt;h3&gt;Lorem ipsum dolor sit .&lt;/h3&gt;\r\n\r\n&lt;p&gt;Dorem ipsum dolor sit amet consectetur adipiing congue sit amet adipiscing urna iaculis vel.&lt;/p&gt;\r\n', '', 0, 0, 0, 0),
(68, '', 67, 0, NULL, NULL, NULL, '', '35', '1', 'category', 0, 1, 'menu', 0, 1, 0, 1, 0, '', NULL, 0, 'top', '', NULL, '', '', 0, 0, 0, 0),
(69, '', 67, 0, NULL, NULL, NULL, '', '31', '1', 'category', 0, 1, 'menu', 0, 1, 0, 99, 0, '', NULL, 0, 'top', '', NULL, '', '', 0, 0, 0, 0),
(70, '', 3, 1, NULL, NULL, NULL, '', '70', '1', 'category', 0, 1, 'menu', 0, 1, 0, 3, 0, '', NULL, 0, 'top', '', NULL, '', '', 0, 0, 0, 0),
(71, '', 70, 0, NULL, NULL, NULL, '', '35', '1', 'category', 0, 1, 'menu', 0, 1, 0, 1, 0, '', NULL, 0, 'top', '', NULL, '', '', 0, 0, 0, 0),
(72, '', 70, 0, NULL, NULL, NULL, '', '31', '1', 'category', 0, 1, 'menu', 0, 1, 0, 2, 0, '', NULL, 0, 'top', '', NULL, '', '', 0, 0, 0, 0),
(73, '', 70, 0, NULL, NULL, NULL, '', '26', '1', 'category', 0, 1, 'menu', 0, 1, 0, 3, 0, '', NULL, 0, 'top', '', NULL, '', '', 0, 0, 0, 0),
(74, '', 70, 0, NULL, NULL, NULL, '', '67', '1', 'category', 0, 1, 'menu', 0, 1, 0, 4, 0, '', NULL, 0, 'top', '', NULL, '', '', 0, 0, 0, 0),
(75, '', 70, 0, NULL, NULL, NULL, '', '69', '1', 'category', 0, 1, 'menu', 0, 1, 0, 5, 0, '', NULL, 0, 'top', '', NULL, '', '', 0, 0, 0, 0),
(76, '', 70, 0, NULL, NULL, NULL, '', '62', '1', 'category', 0, 1, 'menu', 0, 1, 0, 6, 0, '', NULL, 0, 'top', '', NULL, '', '', 0, 0, 0, 0),
(77, '', 70, 0, NULL, NULL, NULL, '', '27', '1', 'category', 0, 1, 'menu', 0, 1, 0, 7, 0, '', NULL, 0, 'top', '', NULL, '', '', 0, 0, 0, 0);

-- --------------------------------------------------------

--
-- Table structure for table `megamenu_description`
--

CREATE TABLE IF NOT EXISTS `megamenu_description` (
  `megamenu_id` int(11) NOT NULL,
  `language_id` int(11) NOT NULL,
  `title` varchar(255) NOT NULL,
  `description` text NOT NULL,
  PRIMARY KEY (`megamenu_id`,`language_id`),
  KEY `name` (`title`)
) ENGINE=MyISAM DEFAULT CHARSET=utf8;

--
-- Dumping data for table `megamenu_description`
--

INSERT INTO `megamenu_description` (`megamenu_id`, `language_id`, `title`, `description`) VALUES
(11, 4, 'Accessories', ''),
(11, 6, 'Accessories', ''),
(41, 6, 'Baby', ''),
(40, 1, 'Home', ''),
(2, 4, 'Desktops', ''),
(8, 1, 'Bags &amp; business', ''),
(8, 4, 'Bags &amp; business', ''),
(8, 6, 'Bags &amp; business', ''),
(9, 1, 'Belts', ''),
(9, 4, 'Belts', ''),
(9, 6, 'Belts', ''),
(16, 1, 'Formal wear', ''),
(16, 4, 'Formal wear', ''),
(16, 6, 'Formal wear', ''),
(10, 1, 'Watches', ''),
(10, 4, 'Watches', ''),
(10, 6, 'Watches', ''),
(15, 1, 'Silver jewelry', ''),
(15, 4, 'Silver jewelry', ''),
(15, 6, 'Silver jewelry', ''),
(14, 1, 'Formal wear', ''),
(14, 4, 'Formal wear', ''),
(14, 6, 'Formal wear', ''),
(13, 1, 'Shoes', ''),
(13, 4, 'Shoes', ''),
(13, 6, 'Shoes', ''),
(12, 1, 'Silver jewelry', ''),
(12, 4, 'Silver jewelry', ''),
(12, 6, 'Silver jewelry', ''),
(17, 1, 'Formal wear', ''),
(17, 4, 'Formal wear', ''),
(17, 6, 'Formal wear', ''),
(23, 1, 'Bags &amp; business', ''),
(23, 4, 'Bags &amp; business', ''),
(23, 6, 'Bags &amp; business', ''),
(18, 1, 'Silver jewelry', ''),
(18, 4, 'Silver jewelry', ''),
(18, 6, 'Silver jewelry', ''),
(19, 1, 'Accessories', ''),
(19, 4, 'Accessories', ''),
(19, 6, 'Accessories', ''),
(21, 1, 'Shoes', ''),
(21, 4, 'Shoes', ''),
(21, 6, 'Shoes', ''),
(22, 4, 'Watches', ''),
(22, 1, 'Watches', ''),
(20, 1, 'Wallets', ''),
(20, 4, 'Wallets', ''),
(20, 6, 'Wallets', ''),
(40, 4, 'Home', ''),
(40, 6, 'Home', ''),
(36, 1, 'Dresses', ''),
(36, 4, 'Dresses', ''),
(36, 6, 'Dresses', ''),
(35, 1, 'Evening', ''),
(35, 4, 'Evening', ''),
(35, 6, 'Evening', ''),
(34, 1, 'Sunglasses', ''),
(34, 4, 'Sunglasses', ''),
(34, 6, 'Sunglasses', ''),
(33, 1, 'Web Cameras', ''),
(33, 4, 'Web Cameras', ''),
(33, 6, 'Web Cameras', ''),
(32, 1, 'Shoes', ''),
(32, 4, 'Shoes', ''),
(32, 6, 'Shoes', ''),
(29, 1, 'Handbags', ''),
(29, 4, 'Handbags', ''),
(29, 6, 'Handbags', ''),
(5, 6, 'Kids', ''),
(7, 4, 'Footwear', ''),
(7, 1, 'Fitness &amp; Wellness', ''),
(37, 4, 'World of McGregor ', ''),
(24, 1, 'Custom HTML', ''),
(41, 4, 'Baby', ''),
(41, 1, 'Baby', ''),
(42, 1, 'Kids accessories', ''),
(42, 4, 'Kids accessories', ''),
(42, 6, 'Kids accessories', ''),
(43, 1, 'Accessories for mom', ''),
(43, 4, 'Accessories for mom', ''),
(43, 6, 'Accessories for mom', ''),
(44, 1, 'Kids shoes', ''),
(44, 4, 'Kids shoes', ''),
(44, 6, 'Kids shoes', ''),
(45, 1, 'Kids travel &amp; school', ''),
(45, 4, 'Kids travel &amp; school', ''),
(45, 6, 'Kids travel &amp; school', ''),
(46, 1, 'Toddler shoes', ''),
(46, 4, 'Toddler shoes', ''),
(46, 6, 'Toddler shoes', ''),
(11, 1, 'Accessories', ''),
(31, 1, 'Sollemnes', ''),
(31, 4, 'Sollemnes', ''),
(31, 6, 'Sollemnes', ''),
(2, 1, 'Desktops', ''),
(5, 4, 'Kids', ''),
(7, 6, 'Footwear', ''),
(37, 1, 'Herbs &amp; Cleansing', ''),
(37, 6, 'World of McGregor ', ''),
(47, 1, 'Sport', ''),
(48, 1, 'Blog', ''),
(48, 4, 'Blog', ''),
(2, 6, 'Desktops', ''),
(47, 4, 'Sport', ''),
(47, 6, 'Sport', ''),
(49, 6, 'Web Cameras', ''),
(49, 4, 'Web Cameras', ''),
(49, 1, 'Web Cameras', ''),
(50, 6, 'Sollemnes', ''),
(50, 4, 'Sollemnes', ''),
(50, 1, 'Sollemnes', ''),
(24, 4, 'Lorem ipsum dolor sit ', ''),
(51, 6, 'Scanners', ''),
(51, 4, 'Scanners', ''),
(51, 1, 'Scanners', ''),
(52, 6, 'Handbags', ''),
(52, 4, 'Handbags', ''),
(52, 1, 'Handbags', ''),
(53, 6, 'Evening', ''),
(53, 4, 'Evening', ''),
(53, 1, 'Evening', ''),
(54, 1, 'Shoes', ''),
(54, 4, 'Shoes', ''),
(54, 6, 'Shoes', ''),
(3, 1, 'Body care', ''),
(55, 6, 'Sony VAIO', ''),
(55, 4, 'Sony VAIO', ''),
(55, 1, 'Sony VAIO', ''),
(5, 1, 'Diet &amp; Energy', ''),
(56, 6, 'Silver jewelry', ''),
(56, 4, 'Silver jewelry', ''),
(57, 6, 'Accessories', ''),
(57, 4, 'Accessories', ''),
(57, 1, 'Accessories', ''),
(56, 1, 'Silver jewelry', ''),
(58, 6, 'Samsung galaxy note 2', ''),
(58, 4, 'Samsung galaxy note 2', ''),
(58, 1, 'Samsung galaxy note 2', ''),
(59, 1, 'MacBook', ''),
(59, 4, 'MacBook', ''),
(59, 6, 'MacBook', ''),
(60, 6, 'Beatae esse dignissimos', ''),
(60, 4, 'Beatae esse dignissimos', ''),
(60, 1, 'Beatae esse dignissimos', ''),
(61, 1, 'HTC Touch HD', ''),
(61, 4, 'HTC Touch HD', ''),
(61, 6, 'HTC Touch HD', ''),
(62, 1, 'Apple Cinema 30', ''),
(62, 4, 'Apple Cinema 30', ''),
(62, 6, 'Apple Cinema 30', ''),
(63, 1, 'MacBook Pro', ''),
(63, 4, 'MacBook Pro', ''),
(63, 6, 'MacBook Pro', ''),
(65, 4, 'Consectetur adipisicing elit', ''),
(70, 1, 'Mobiles', ''),
(70, 4, 'Mobiles', ''),
(70, 6, 'Mobiles', ''),
(68, 6, 'Evening', ''),
(68, 4, 'Evening', ''),
(68, 1, 'Evening', ''),
(69, 6, 'Scanners', ''),
(69, 4, 'Scanners', ''),
(69, 1, 'Scanners', ''),
(71, 1, 'Evening', ''),
(71, 4, 'Evening', ''),
(71, 6, 'Evening', ''),
(72, 6, 'Scanners', ''),
(72, 4, 'Scanners', ''),
(72, 1, 'Scanners', ''),
(73, 6, 'Formal wear', ''),
(73, 4, 'Formal wear', ''),
(73, 1, 'Formal wear', ''),
(74, 6, 'Accessories', ''),
(74, 4, 'Accessories', ''),
(74, 1, 'Accessories', ''),
(75, 6, 'Sollemnes', ''),
(75, 4, 'Sollemnes', ''),
(75, 1, 'Sollemnes', ''),
(76, 6, 'Bags &amp; business', ''),
(76, 4, 'Bags &amp; business', ''),
(76, 1, 'Bags &amp; business', ''),
(77, 6, 'Silver jewelry', ''),
(77, 4, 'Silver jewelry', ''),
(77, 1, 'Silver jewelry', ''),
(65, 6, 'Consectetur adipisicing elit', ''),
(65, 1, 'Custom HTML 1', ''),
(3, 4, 'Women', ''),
(3, 6, 'Women', '');

-- --------------------------------------------------------

--
-- Table structure for table `megamenu_widgets`
--

CREATE TABLE IF NOT EXISTS `megamenu_widgets` (
  `id` int(11) NOT NULL AUTO_INCREMENT,
  `name` varchar(250) NOT NULL,
  `type` varchar(255) NOT NULL,
  `params` text NOT NULL,
  `store_id` int(11) NOT NULL,
  PRIMARY KEY (`id`)
) ENGINE=MyISAM  DEFAULT CHARSET=utf8 AUTO_INCREMENT=8 ;

--
-- Dumping data for table `megamenu_widgets`
--

INSERT INTO `megamenu_widgets` (`id`, `name`, `type`, `params`, `store_id`) VALUES
(1, 'Video Opencart Installation', 'video_code', 'a:1:{s:10:"video_code";s:168:"&lt;iframe width=&quot;300&quot; height=&quot;315&quot; src=&quot;//www.youtube.com/embed/M1USNjKKRWk&quot; frameborder=&quot;0&quot; allowfullscreen&gt;&lt;/iframe&gt;";}', 0),
(2, 'Demo HTML Sample', 'html', 'a:1:{s:4:"html";a:1:{i:1;s:275:"Dorem ipsum dolor sit amet consectetur adipiscing elit congue sit amet erat roin tincidunt vehicula lorem in adipiscing urna iaculis vel. Dorem ipsum dolor sit amet consectetur adipiscing elit congue sit amet erat roin tincidunt vehicula lorem in adipiscing urna iaculis vel.";}}', 0),
(3, 'Products Latest', 'product_list', 'a:4:{s:9:"list_type";s:6:"newest";s:5:"limit";s:1:"6";s:11:"image_width";s:3:"120";s:12:"image_height";s:3:"120";}', 0),
(4, 'Products In Cat 20', 'product_category', 'a:4:{s:11:"category_id";s:2:"20";s:5:"limit";s:1:"6";s:11:"image_width";s:3:"120";s:12:"image_height";s:3:"120";}', 0),
(5, 'Manufactures', 'banner', 'a:4:{s:8:"group_id";s:1:"8";s:11:"image_width";s:2:"80";s:12:"image_height";s:2:"80";s:5:"limit";s:2:"12";}', 0),
(6, 'expandcart Feed', 'feed', 'a:1:{s:8:"feed_url";s:55:"http://www.expandcart.com/expandcartfeeds.feed?type=rss";}', 0),
(7, 'Widgets Drugstore', 'image', 'a:3:{s:10:"image_path";s:30:"data/demo/wigdet-drugstore.jpg";s:11:"image_width";s:3:"500";s:12:"image_height";s:3:"300";}', 0);

-- --------------------------------------------------------

--
-- Table structure for table `setting`
--

CREATE TABLE IF NOT EXISTS `setting` (
  `setting_id` int(11) NOT NULL AUTO_INCREMENT,
  `store_id` int(11) NOT NULL DEFAULT '0',
  `group` varchar(32) NOT NULL,
  `key` varchar(64) NOT NULL,
  `value` text NOT NULL,
  `serialized` tinyint(1) NOT NULL,
  PRIMARY KEY (`setting_id`)
) ENGINE=MyISAM  DEFAULT CHARSET=utf8 AUTO_INCREMENT=6341 ;

--
-- Dumping data for table `setting`
--

INSERT INTO `setting` (`store_id`, `group`, `key`, `value`, `serialized`) VALUES
(0, 'carousel', 'carousel_module', 'a:1:{i:0;a:9:{s:9:"banner_id";s:1:"8";s:5:"limit";s:1:"5";s:6:"scroll";s:1:"3";s:5:"width";s:2:"80";s:6:"height";s:2:"80";s:9:"layout_id";s:1:"1";s:8:"position";s:14:"content_bottom";s:6:"status";s:1:"0";s:10:"sort_order";i:1;}}', 1),
(0, 'special', 'special_module', 'a:4:{i:0;a:7:{s:5:"limit";s:1:"4";s:11:"image_width";s:2:"70";s:12:"image_height";s:2:"70";s:9:"layout_id";s:1:"3";s:8:"position";s:12:"column_right";s:6:"status";s:1:"1";s:10:"sort_order";s:1:"4";}i:1;a:7:{s:5:"limit";s:1:"4";s:11:"image_width";s:2:"70";s:12:"image_height";s:2:"70";s:9:"layout_id";s:1:"2";s:8:"position";s:12:"column_right";s:6:"status";s:1:"1";s:10:"sort_order";s:1:"4";}i:2;a:7:{s:5:"limit";s:1:"4";s:11:"image_width";s:2:"70";s:12:"image_height";s:2:"70";s:9:"layout_id";s:1:"6";s:8:"position";s:12:"column_right";s:6:"status";s:1:"1";s:10:"sort_order";s:1:"4";}i:3;a:7:{s:5:"limit";s:1:"4";s:11:"image_width";s:2:"70";s:12:"image_height";s:2:"70";s:9:"layout_id";s:2:"12";s:8:"position";s:12:"column_right";s:6:"status";s:1:"0";s:10:"sort_order";s:1:"4";}}', 1),
(0, 'pavblogcategory', 'pavblogcategory_module', 'a:1:{i:1;a:5:{s:11:"category_id";s:1:"1";s:9:"layout_id";s:2:"14";s:8:"position";s:12:"column_right";s:6:"status";s:1:"1";s:10:"sort_order";s:1:"2";}}', 1),
(0, 'pavbloglatest', 'pavbloglatest_module', 'a:1:{i:1;a:10:{s:11:"description";a:3:{i:1;s:0:"";i:4;s:0:"";i:6;s:0:"";}s:4:"tabs";s:6:"latest";s:5:"width";s:2:"70";s:6:"height";s:2:"70";s:4:"cols";s:1:"1";s:5:"limit";s:1:"4";s:9:"layout_id";s:2:"14";s:8:"position";s:12:"column_right";s:6:"status";s:1:"1";s:10:"sort_order";s:1:"1";}}', 1),
(0, 'affiliate', 'affiliate_module', 'a:1:{i:0;a:4:{s:9:"layout_id";s:2:"10";s:8:"position";s:12:"column_right";s:6:"status";s:1:"1";s:10:"sort_order";s:1:"2";}}', 1),
(0, 'account', 'account_module', 'a:1:{i:0;a:4:{s:9:"layout_id";s:1:"6";s:8:"position";s:12:"column_right";s:6:"status";s:1:"1";s:10:"sort_order";s:1:"2";}}', 1),
(0, 'config', 'config_image_wishlist_width', '80', 0),
(0, 'config', 'config_image_wishlist_height', '80', 0),
(0, 'config', 'config_image_cart_width', '80', 0),
(0, 'config', 'config_image_cart_height', '80', 0),
(0, 'config', 'config_image_compare_height', '311', 0),
(0, 'config', 'config_image_compare_width', '217', 0),
(0, 'config', 'config_image_related_height', '150', 0),
(0, 'config', 'config_image_related_width', '134', 0),
(0, 'config', 'config_image_additional_height', '80', 0),
(0, 'config', 'config_image_additional_width', '80', 0),
(0, 'config', 'config_image_product_height', '150', 0),
(0, 'config', 'config_image_product_width', '134', 0),
(0, 'config', 'config_image_popup_height', '500', 0),
(0, 'config', 'config_image_popup_width', '500', 0),
(0, 'config', 'config_image_thumb_height', '308', 0),
(0, 'config', 'config_image_thumb_width', '282', 0),
(0, 'config', 'config_image_category_height', '237', 0),
(0, 'config', 'config_image_category_width', '700', 0),
(0, 'category', 'category_module', 'a:7:{i:0;a:4:{s:9:"layout_id";s:1:"3";s:8:"position";s:12:"column_right";s:6:"status";s:1:"1";s:10:"sort_order";s:1:"1";}i:1;a:4:{s:9:"layout_id";s:1:"2";s:8:"position";s:12:"column_right";s:6:"status";s:1:"1";s:10:"sort_order";s:1:"1";}i:2;a:4:{s:9:"layout_id";s:1:"1";s:8:"position";s:12:"column_right";s:6:"status";s:1:"1";s:10:"sort_order";i:2;}i:3;a:4:{s:9:"layout_id";s:2:"12";s:8:"position";s:12:"column_right";s:6:"status";s:1:"1";s:10:"sort_order";s:1:"1";}i:4;a:4:{s:9:"layout_id";s:1:"5";s:8:"position";s:12:"column_right";s:6:"status";s:1:"1";s:10:"sort_order";s:1:"1";}i:5;a:4:{s:9:"layout_id";s:2:"13";s:8:"position";s:12:"column_right";s:6:"status";s:1:"1";s:10:"sort_order";s:1:"1";}i:6;a:4:{s:9:"layout_id";s:1:"7";s:8:"position";s:12:"column_right";s:6:"status";s:1:"1";s:10:"sort_order";s:1:"2";}}', 1),
(0, 'pavmegamenu', 'pavmegamenu_module', 'a:1:{i:0;a:4:{s:9:"layout_id";s:5:"99999";s:8:"position";s:8:"mainmenu";s:6:"status";s:1:"1";s:10:"sort_order";i:1;}}', 1),
(0, 'pavblog', 'pavblog', 'a:43:{s:14:"general_lwidth";s:3:"680";s:15:"general_lheight";s:3:"383";s:14:"general_swidth";s:3:"250";s:15:"general_sheight";s:3:"250";s:14:"general_xwidth";s:2:"80";s:15:"general_xheight";s:2:"80";s:14:"rss_limit_item";s:188:"&lt;b&gt;Notice&lt;/b&gt;: Undefined index: rss_limit_item in &lt;b&gt;E:\\xampplite\\htdocs\\pav_asenti\\admin\\view\\template\\module\\pavblog\\modules.tpl&lt;/b&gt; on line &lt;b&gt;58&lt;/b&gt;";s:16:"children_columns";s:1:"3";s:14:"general_cwidth";s:3:"250";s:15:"general_cheight";s:3:"250";s:22:"cat_limit_leading_blog";s:1:"1";s:24:"cat_limit_secondary_blog";s:1:"6";s:22:"cat_leading_image_type";s:1:"l";s:24:"cat_secondary_image_type";s:1:"l";s:24:"cat_columns_leading_blog";s:1:"1";s:27:"cat_columns_secondary_blogs";s:1:"1";s:14:"cat_show_title";s:1:"1";s:20:"cat_show_description";s:1:"1";s:17:"cat_show_readmore";s:1:"1";s:14:"cat_show_image";s:1:"1";s:15:"cat_show_author";s:1:"1";s:17:"cat_show_category";s:1:"1";s:16:"cat_show_created";s:1:"1";s:13:"cat_show_hits";s:1:"1";s:24:"cat_show_comment_counter";s:1:"1";s:15:"blog_image_type";s:1:"l";s:15:"blog_show_title";s:1:"1";s:15:"blog_show_image";s:1:"1";s:16:"blog_show_author";s:1:"1";s:18:"blog_show_category";s:1:"1";s:17:"blog_show_created";s:1:"1";s:25:"blog_show_comment_counter";s:1:"1";s:14:"blog_show_hits";s:1:"1";s:22:"blog_show_comment_form";s:1:"1";s:14:"comment_engine";s:5:"local";s:14:"diquis_account";s:10:"expandcart";s:14:"facebook_appid";s:2:"10";s:13:"comment_limit";s:2:"10";s:14:"facebook_width";s:3:"600";s:20:"auto_publish_comment";s:1:"0";s:16:"enable_recaptcha";s:1:"1";s:20:"recaptcha_public_key";s:40:"6LcoLd4SAAAAADoaLy7OEmzwjrf4w7bf-SnE_Hvj";s:21:"recaptcha_private_key";s:40:"6LcoLd4SAAAAAE18DL_BUDi0vmL_aM0vkLPaE9Ob";}', 1),
(0, 'pavcontentslider', 'pavcontentslider_module', 'a:1:{i:0;a:10:{s:9:"layout_id";s:1:"1";s:8:"position";s:11:"content_top";s:6:"status";s:1:"1";s:10:"sort_order";i:1;s:5:"width";s:3:"686";s:6:"height";s:3:"344";s:15:"image_navigator";s:1:"0";s:13:"navimg_weight";s:2:"90";s:13:"navimg_height";s:2:"90";s:12:"banner_image";a:4:{i:1;a:4:{s:5:"image";s:23:"data/demo/slider_01.png";s:4:"link";s:1:"#";s:5:"title";a:3:{i:1;s:61:"Special &lt;span&gt;30%&lt;/span&gt; &lt;b&gt;offer&lt;/b&gt;";i:4;s:0:"";i:6;s:0:"";}s:11:"description";a:3:{i:1;s:203:"&lt;p&gt;Lorem ipsum dolor sit amet, consectetur adipiscing elitusce non massa sit amet vehicula&lt;/p&gt;\r\n\r\n&lt;p&gt;&lt;a class=&quot;button&quot; href=&quot;#&quot;&gt;Read More&lt;/a&gt;&lt;/p&gt;\r\n";i:4;s:0:"";i:6;s:0:"";}}i:2;a:4:{s:5:"image";s:23:"data/demo/slider_01.png";s:4:"link";s:1:"#";s:5:"title";a:3:{i:1;s:61:"Special &lt;span&gt;30%&lt;/span&gt; &lt;b&gt;offer&lt;/b&gt;";i:4;s:0:"";i:6;s:0:"";}s:11:"description";a:3:{i:1;s:203:"&lt;p&gt;Lorem ipsum dolor sit amet, consectetur adipiscing elitusce non massa sit amet vehicula&lt;/p&gt;\r\n\r\n&lt;p&gt;&lt;a class=&quot;button&quot; href=&quot;#&quot;&gt;Read More&lt;/a&gt;&lt;/p&gt;\r\n";i:4;s:0:"";i:6;s:0:"";}}i:3;a:4:{s:5:"image";s:23:"data/demo/slider_01.png";s:4:"link";s:1:"#";s:5:"title";a:3:{i:1;s:61:"Special &lt;span&gt;30%&lt;/span&gt; &lt;b&gt;offer&lt;/b&gt;";i:4;s:0:"";i:6;s:0:"";}s:11:"description";a:3:{i:1;s:203:"&lt;p&gt;Lorem ipsum dolor sit amet, consectetur adipiscing elitusce non massa sit amet vehicula&lt;/p&gt;\r\n\r\n&lt;p&gt;&lt;a class=&quot;button&quot; href=&quot;#&quot;&gt;Read More&lt;/a&gt;&lt;/p&gt;\r\n";i:4;s:0:"";i:6;s:0:"";}}i:4;a:4:{s:5:"image";s:23:"data/demo/slider_01.png";s:4:"link";s:1:"#";s:5:"title";a:3:{i:1;s:61:"Special &lt;span&gt;30%&lt;/span&gt; &lt;b&gt;offer&lt;/b&gt;";i:4;s:0:"";i:6;s:0:"";}s:11:"description";a:3:{i:1;s:201:"&lt;p&gt;Lorem ipsum dolor sit amet, consectetur adipiscing elitusce non massa sit amet vehicula&lt;/p&gt;\r\n\r\n&lt;p&gt;&lt;a class=&quot;button&quot; href=&quot;#&quot;&gt;Read More&lt;/a&gt;&lt;/p&gt;";i:4;s:0:"";i:6;s:0:"";}}}}}', 1),
(0, 'pavproducttabs', 'pavproducttabs_module', 'a:1:{i:1;a:12:{s:11:"description";a:2:{i:1;s:0:"";i:4;s:0:"";}s:12:"module_class";s:12:"tabs_product";s:4:"tabs";a:3:{i:0;s:6:"latest";i:1;s:10:"bestseller";i:2;s:7:"special";}s:5:"width";s:3:"134";s:6:"height";s:3:"150";s:12:"itemsperpage";s:1:"4";s:4:"cols";s:1:"4";s:5:"limit";s:1:"8";s:9:"layout_id";s:1:"1";s:8:"position";s:11:"content_top";s:6:"status";s:1:"1";s:10:"sort_order";i:3;}}', 1),
(0, 'featured', 'product', '', 0),
(0, 'featured', 'featured_product', '42,49,43,29,47,44,46,31,34', 0),
(0, 'featured', 'featured_module', 'a:1:{i:1;a:7:{s:5:"limit";s:1:"4";s:11:"image_width";s:2:"70";s:12:"image_height";s:2:"70";s:9:"layout_id";s:1:"7";s:8:"position";s:12:"column_right";s:6:"status";s:1:"1";s:10:"sort_order";s:1:"3";}}', 1),
(0, 'pavproductcarousel', 'pavproductcarousel_module', 'a:1:{i:1;a:13:{s:11:"description";a:3:{i:1;s:0:"";i:4;s:0:"";i:6;s:0:"";}s:4:"tabs";a:1:{i:0;s:7:"special";}s:5:"width";s:3:"134";s:6:"height";s:3:"150";s:12:"itemsperpage";s:1:"8";s:4:"cols";s:1:"4";s:5:"limit";s:1:"8";s:8:"interval";s:4:"8000";s:9:"auto_play";s:1:"0";s:9:"layout_id";s:1:"1";s:8:"position";s:14:"content_bottom";s:6:"status";s:1:"1";s:10:"sort_order";i:3;}}', 1),
(0, 'bestseller', 'bestseller_module', 'a:4:{i:0;a:7:{s:5:"limit";s:1:"4";s:11:"image_width";s:2:"70";s:12:"image_height";s:2:"70";s:9:"layout_id";s:2:"13";s:8:"position";s:12:"column_right";s:6:"status";s:1:"1";s:10:"sort_order";s:1:"3";}i:1;a:7:{s:5:"limit";s:1:"4";s:11:"image_width";s:2:"70";s:12:"image_height";s:2:"70";s:9:"layout_id";s:1:"3";s:8:"position";s:12:"column_right";s:6:"status";s:1:"1";s:10:"sort_order";s:1:"3";}i:2;a:7:{s:5:"limit";s:1:"4";s:11:"image_width";s:2:"70";s:12:"image_height";s:2:"70";s:9:"layout_id";s:1:"1";s:8:"position";s:12:"column_right";s:6:"status";s:1:"1";s:10:"sort_order";i:3;}i:3;a:7:{s:5:"limit";s:1:"5";s:11:"image_width";s:2:"70";s:12:"image_height";s:2:"70";s:9:"layout_id";s:1:"2";s:8:"position";s:12:"column_right";s:6:"status";s:1:"1";s:10:"sort_order";s:1:"3";}}', 1),
(0, 'banner', 'banner_module', 'a:9:{i:0;a:7:{s:9:"banner_id";s:1:"9";s:5:"width";s:3:"220";s:6:"height";s:3:"269";s:9:"layout_id";s:1:"1";s:8:"position";s:12:"column_right";s:6:"status";s:1:"1";s:10:"sort_order";i:1;}i:1;a:7:{s:9:"banner_id";s:1:"9";s:5:"width";s:3:"220";s:6:"height";s:3:"269";s:9:"layout_id";s:1:"3";s:8:"position";s:12:"column_right";s:6:"status";s:1:"1";s:10:"sort_order";s:1:"1";}i:2;a:7:{s:9:"banner_id";s:1:"9";s:5:"width";s:3:"220";s:6:"height";s:3:"269";s:9:"layout_id";s:1:"2";s:8:"position";s:12:"column_right";s:6:"status";s:1:"1";s:10:"sort_order";s:1:"1";}i:3;a:7:{s:9:"banner_id";s:1:"9";s:5:"width";s:3:"220";s:6:"height";s:3:"269";s:9:"layout_id";s:2:"12";s:8:"position";s:12:"column_right";s:6:"status";s:1:"1";s:10:"sort_order";s:1:"1";}i:4;a:7:{s:9:"banner_id";s:1:"9";s:5:"width";s:3:"220";s:6:"height";s:3:"269";s:9:"layout_id";s:1:"5";s:8:"position";s:12:"column_right";s:6:"status";s:1:"1";s:10:"sort_order";s:1:"1";}i:5;a:7:{s:9:"banner_id";s:1:"9";s:5:"width";s:3:"220";s:6:"height";s:3:"269";s:9:"layout_id";s:2:"13";s:8:"position";s:12:"column_right";s:6:"status";s:1:"1";s:10:"sort_order";s:1:"1";}i:6;a:7:{s:9:"banner_id";s:1:"9";s:5:"width";s:3:"220";s:6:"height";s:3:"269";s:9:"layout_id";s:1:"6";s:8:"position";s:12:"column_right";s:6:"status";s:1:"1";s:10:"sort_order";s:1:"1";}i:7;a:7:{s:9:"banner_id";s:1:"9";s:5:"width";s:3:"220";s:6:"height";s:3:"269";s:9:"layout_id";s:2:"10";s:8:"position";s:12:"column_right";s:6:"status";s:1:"1";s:10:"sort_order";s:1:"1";}i:8;a:7:{s:9:"banner_id";s:1:"9";s:5:"width";s:3:"220";s:6:"height";s:3:"269";s:9:"layout_id";s:1:"7";s:8:"position";s:12:"column_right";s:6:"status";s:1:"1";s:10:"sort_order";s:1:"1";}}', 1),
(0, 'latest', 'latest_module', 'a:3:{i:0;a:7:{s:5:"limit";s:1:"4";s:11:"image_width";s:2:"70";s:12:"image_height";s:2:"70";s:9:"layout_id";s:2:"12";s:8:"position";s:12:"column_right";s:6:"status";s:1:"1";s:10:"sort_order";s:1:"2";}i:1;a:7:{s:5:"limit";s:1:"4";s:11:"image_width";s:2:"70";s:12:"image_height";s:2:"70";s:9:"layout_id";s:1:"5";s:8:"position";s:12:"column_right";s:6:"status";s:1:"1";s:10:"sort_order";s:1:"2";}i:2;a:7:{s:5:"limit";s:1:"8";s:11:"image_width";s:3:"134";s:12:"image_height";s:3:"150";s:9:"layout_id";s:1:"1";s:8:"position";s:14:"content_bottom";s:6:"status";s:1:"0";s:10:"sort_order";i:2;}}', 1),
(0, 'pavblogcomment', 'pavblogcomment_module', 'a:1:{i:1;a:5:{s:5:"limit";s:1:"4";s:9:"layout_id";s:2:"14";s:8:"position";s:12:"column_right";s:6:"status";s:1:"1";s:10:"sort_order";s:1:"3";}}', 1),
(0, 'pavcustom', 'pavcustom_module', 'a:3:{i:1;a:7:{s:12:"module_title";a:2:{i:1;s:11:"Advertising";i:4;s:11:"Advertising";}s:11:"description";a:2:{i:1;s:294:"&lt;div class=&quot;system pull-left m-box&quot;&gt;&lt;img alt=&quot;System Z906&quot; src=&quot;image/data/demo/system.png&quot; /&gt;&lt;/div&gt;\r\n\r\n&lt;div class=&quot;tea pull-left m-box&quot;&gt;&lt;img alt=&quot;Green Tea&quot; src=&quot;image/data/demo/tea.png&quot; /&gt;&lt;/div&gt;\r\n";i:4;s:294:"&lt;div class=&quot;system pull-left m-box&quot;&gt;&lt;img alt=&quot;System Z906&quot; src=&quot;image/data/demo/system.png&quot; /&gt;&lt;/div&gt;\r\n\r\n&lt;div class=&quot;tea pull-left m-box&quot;&gt;&lt;img alt=&quot;Green Tea&quot; src=&quot;image/data/demo/tea.png&quot; /&gt;&lt;/div&gt;\r\n";}s:9:"layout_id";s:1:"1";s:8:"position";s:11:"content_top";s:6:"status";s:1:"1";s:12:"module_class";s:15:"pav_advertising";s:10:"sort_order";s:1:"1";}i:2;a:7:{s:12:"module_title";a:2:{i:1;s:17:"Sample block text";i:4;s:17:"Sample block text";}s:11:"description";a:2:{i:1;s:312:"&lt;h4 class=&quot;h4&quot;&gt;Quisque iaculis rhoncus&lt;/h4&gt;\r\n\r\n&lt;p&gt;Donec fringilla tellus arcu condim entum venenatis quis erat tempor faucibus. Suspendisse vulputate porttitor vitae cursus quis degeto enim. Praesent imperdiet ultricies pellentesque leo in sodales erat inceptos himenaeos.&lt;/p&gt;\r\n";i:4;s:312:"&lt;h4 class=&quot;h4&quot;&gt;Quisque iaculis rhoncus&lt;/h4&gt;\r\n\r\n&lt;p&gt;Donec fringilla tellus arcu condim entum venenatis quis erat tempor faucibus. Suspendisse vulputate porttitor vitae cursus quis degeto enim. Praesent imperdiet ultricies pellentesque leo in sodales erat inceptos himenaeos.&lt;/p&gt;\r\n";}s:9:"layout_id";s:1:"1";s:8:"position";s:12:"column_right";s:6:"status";s:1:"1";s:12:"module_class";s:16:"pav-sample-block";s:10:"sort_order";s:1:"4";}i:3;a:7:{s:12:"module_title";a:2:{i:1;s:16:"Block Footer Top";i:4;s:16:"Block Footer Top";}s:11:"description";a:2:{i:1;s:1951:"&lt;div class=&quot;row-fluid highlight&quot;&gt;\r\n&lt;article class=&quot;span4&quot;&gt;\r\n&lt;h3 class=&quot;t-text&quot;&gt;Online counseling&lt;/h3&gt;\r\n&lt;img alt=&quot;Online Counseling&quot; src=&quot;image/data/demo/online.png&quot; /&gt;\r\n&lt;p&gt;Lorem ipsum dolor consectetur adipscing elit phasellus lacus ac mauris ante acumsan turpis non magna nibh urna.&lt;/p&gt;\r\n&lt;/article&gt;\r\n\r\n&lt;article class=&quot;span4&quot;&gt;\r\n&lt;h3 class=&quot;t-text&quot;&gt;Free shipping&lt;/h3&gt;\r\n&lt;img alt=&quot;Free Shipping&quot; src=&quot;image/data/demo/free-shipping.png&quot; /&gt;\r\n&lt;p&gt;Lorem ipsum dolor consectetur adipscing elit phasellus lacus ac mauris ante acumsan turpis non magna nibh urna.&lt;/p&gt;\r\n&lt;/article&gt;\r\n\r\n&lt;article class=&quot;span4&quot;&gt;\r\n&lt;h3 class=&quot;t-text&quot;&gt;Connect to Us&lt;/h3&gt;\r\n\r\n&lt;p&gt;Lorem ipsum dolor consectetur lacus ac urna.&lt;/p&gt;\r\n\r\n&lt;ul class=&quot;clearfix&quot; id=&quot;f-social&quot;&gt;\r\n	&lt;li&gt;&lt;a class=&quot;hi-icon icon-facebook&quot; href=&quot;https://facebook.com/&quot; target=&quot;_blank&quot; title=&quot;Facebook&quot;&gt;Facebook&lt;/a&gt;&lt;/li&gt;\r\n	&lt;li&gt;&lt;a class=&quot;hi-icon icon-twitter&quot; href=&quot;https://twitter.com/&quot; target=&quot;_blank&quot; title=&quot;Twitter&quot;&gt;Twitter&lt;/a&gt;&lt;/li&gt;\r\n	&lt;li&gt;&lt;a class=&quot;hi-icon icon-youtube&quot; href=&quot;https://youtube.com/&quot; target=&quot;_blank&quot; title=&quot;Youtube&quot;&gt;Youtube&lt;/a&gt;&lt;/li&gt;\r\n	&lt;li&gt;&lt;a class=&quot;hi-icon icon-google-plus&quot; href=&quot;https://plus.google.com/&quot; target=&quot;_blank&quot; title=&quot;Google Plus&quot;&gt;Google Plus&lt;/a&gt;&lt;/li&gt;\r\n	&lt;li&gt;&lt;a class=&quot;hi-icon icon-linkedin&quot; href=&quot;http://www.linkedin.com/&quot; target=&quot;_blank&quot; title=&quot;Linkedin&quot;&gt;Linkedin&lt;/a&gt;&lt;/li&gt;\r\n&lt;/ul&gt;\r\n&lt;/article&gt;\r\n&lt;/div&gt;\r\n";i:4;s:1951:"&lt;div class=&quot;row-fluid highlight&quot;&gt;\r\n&lt;article class=&quot;span4&quot;&gt;\r\n&lt;h3 class=&quot;t-text&quot;&gt;Online counseling&lt;/h3&gt;\r\n&lt;img alt=&quot;Online Counseling&quot; src=&quot;image/data/demo/online.png&quot; /&gt;\r\n&lt;p&gt;Lorem ipsum dolor consectetur adipscing elit phasellus lacus ac mauris ante acumsan turpis non magna nibh urna.&lt;/p&gt;\r\n&lt;/article&gt;\r\n\r\n&lt;article class=&quot;span4&quot;&gt;\r\n&lt;h3 class=&quot;t-text&quot;&gt;Free shipping&lt;/h3&gt;\r\n&lt;img alt=&quot;Free Shipping&quot; src=&quot;image/data/demo/free-shipping.png&quot; /&gt;\r\n&lt;p&gt;Lorem ipsum dolor consectetur adipscing elit phasellus lacus ac mauris ante acumsan turpis non magna nibh urna.&lt;/p&gt;\r\n&lt;/article&gt;\r\n\r\n&lt;article class=&quot;span4&quot;&gt;\r\n&lt;h3 class=&quot;t-text&quot;&gt;Connect to Us&lt;/h3&gt;\r\n\r\n&lt;p&gt;Lorem ipsum dolor consectetur lacus ac urna.&lt;/p&gt;\r\n\r\n&lt;ul class=&quot;clearfix&quot; id=&quot;f-social&quot;&gt;\r\n	&lt;li&gt;&lt;a class=&quot;hi-icon icon-facebook&quot; href=&quot;https://facebook.com/&quot; target=&quot;_blank&quot; title=&quot;Facebook&quot;&gt;Facebook&lt;/a&gt;&lt;/li&gt;\r\n	&lt;li&gt;&lt;a class=&quot;hi-icon icon-twitter&quot; href=&quot;https://twitter.com/&quot; target=&quot;_blank&quot; title=&quot;Twitter&quot;&gt;Twitter&lt;/a&gt;&lt;/li&gt;\r\n	&lt;li&gt;&lt;a class=&quot;hi-icon icon-youtube&quot; href=&quot;https://youtube.com/&quot; target=&quot;_blank&quot; title=&quot;Youtube&quot;&gt;Youtube&lt;/a&gt;&lt;/li&gt;\r\n	&lt;li&gt;&lt;a class=&quot;hi-icon icon-google-plus&quot; href=&quot;https://plus.google.com/&quot; target=&quot;_blank&quot; title=&quot;Google Plus&quot;&gt;Google Plus&lt;/a&gt;&lt;/li&gt;\r\n	&lt;li&gt;&lt;a class=&quot;hi-icon icon-linkedin&quot; href=&quot;http://www.linkedin.com/&quot; target=&quot;_blank&quot; title=&quot;Linkedin&quot;&gt;Linkedin&lt;/a&gt;&lt;/li&gt;\r\n&lt;/ul&gt;\r\n&lt;/article&gt;\r\n&lt;/div&gt;\r\n";}s:9:"layout_id";s:5:"99999";s:8:"position";s:10:"footer_top";s:6:"status";s:1:"1";s:12:"module_class";s:14:"pav-footer-top";s:10:"sort_order";i:1;}}', 1),
(0, 'themecontrol', 'themecontrol', 'a:54:{s:13:"default_theme";s:13:"pav_drugstore";s:9:"layout_id";s:1:"1";s:8:"position";s:1:"1";s:21:"cateogry_display_mode";s:4:"grid";s:20:"cateogry_product_row";s:1:"0";s:14:"category_pzoom";s:1:"1";s:18:"product_enablezoom";s:1:"1";s:19:"product_zoomgallery";s:6:"slider";s:16:"product_zoommode";s:5:"basic";s:20:"product_zoomlenssize";s:3:"150";s:18:"product_zoomeasing";s:1:"1";s:21:"product_zoomlensshape";s:5:"basic";s:22:"product_related_column";s:1:"0";s:24:"enable_product_customtab";s:1:"1";s:22:"product_customtab_name";a:2:{i:1;s:10:"Custom Tab";i:4;s:10:"Custom Tab";}s:25:"product_customtab_content";a:2:{i:1;s:36:"&lt;p&gt;Custom Tab Here&lt;/p&gt;\r\n";i:4;s:36:"&lt;p&gt;Custom Tab Here&lt;/p&gt;\r\n";}s:18:"contact_customhtml";a:2:{i:1;s:0:"";i:4;s:0:"";}s:4:"skin";s:0:"";s:11:"theme_width";s:4:"auto";s:23:"enable_custom_copyright";s:1:"0";s:9:"copyright";s:0:"";s:10:"responsive";s:1:"1";s:20:"enable_footer_center";s:1:"1";s:16:"enable_paneltool";s:1:"1";s:12:"body_pattern";s:8:"pattern9";s:12:"use_custombg";s:1:"0";s:8:"bg_image";s:0:"";s:9:"bg_repeat";s:6:"repeat";s:11:"bg_position";s:8:"left top";s:19:"widget_contact_data";a:2:{i:1;s:755:"&lt;p&gt;Lorem ipsum dolor sit amet, consectetur adipiscing elit phasellus et lacus ac turpis euismod elementum a sit amet est nulla tincidunt purus aliquam aliquet mauris ante accumsan turpis, non faucibus magna nibh in urna.&lt;/p&gt;\r\n\r\n&lt;ul class=&quot;pav-contact-us clearfix&quot;&gt;\r\n	&lt;li&gt;&lt;i class=&quot;icon i-street&quot;&gt;&amp;nbsp;&lt;/i&gt;\r\n\r\n	&lt;div class=&quot;l-text&quot;&gt;Avenue of the American Independent, st. 133/2 New York City, NY&lt;br /&gt;\r\n	United States&lt;/div&gt;\r\n	&lt;/li&gt;\r\n	&lt;li&gt;&lt;i class=&quot;icon i-phone&quot;&gt;&amp;nbsp;&lt;/i&gt; Phone: (000) 354-543-5456&lt;/li&gt;\r\n	&lt;li&gt;&lt;i class=&quot;icon i-fax&quot;&gt;&amp;nbsp;&lt;/i&gt; Fax: (000) 354-543-5457&lt;/li&gt;\r\n&lt;/ul&gt;\r\n";i:4;s:755:"&lt;p&gt;Lorem ipsum dolor sit amet, consectetur adipiscing elit phasellus et lacus ac turpis euismod elementum a sit amet est nulla tincidunt purus aliquam aliquet mauris ante accumsan turpis, non faucibus magna nibh in urna.&lt;/p&gt;\r\n\r\n&lt;ul class=&quot;pav-contact-us clearfix&quot;&gt;\r\n	&lt;li&gt;&lt;i class=&quot;icon i-street&quot;&gt;&amp;nbsp;&lt;/i&gt;\r\n\r\n	&lt;div class=&quot;l-text&quot;&gt;Avenue of the American Independent, st. 133/2 New York City, NY&lt;br /&gt;\r\n	United States&lt;/div&gt;\r\n	&lt;/li&gt;\r\n	&lt;li&gt;&lt;i class=&quot;icon i-phone&quot;&gt;&amp;nbsp;&lt;/i&gt; Phone: (000) 354-543-5456&lt;/li&gt;\r\n	&lt;li&gt;&lt;i class=&quot;icon i-fax&quot;&gt;&amp;nbsp;&lt;/i&gt; Fax: (000) 354-543-5457&lt;/li&gt;\r\n&lt;/ul&gt;\r\n";}s:8:"fontsize";s:2:"12";s:17:"enable_customfont";s:1:"0";s:11:"type_fonts1";s:8:"standard";s:13:"normal_fonts1";s:27:"Verdana, Geneva, sans-serif";s:11:"google_url1";s:0:"";s:14:"google_family1";s:0:"";s:14:"body_selector1";s:0:"";s:11:"type_fonts2";s:8:"standard";s:13:"normal_fonts2";s:27:"Verdana, Geneva, sans-serif";s:11:"google_url2";s:0:"";s:14:"google_family2";s:0:"";s:14:"body_selector2";s:0:"";s:11:"type_fonts3";s:8:"standard";s:13:"normal_fonts3";s:27:"Verdana, Geneva, sans-serif";s:11:"google_url3";s:0:"";s:14:"google_family3";s:0:"";s:14:"body_selector3";s:0:"";s:14:"block_showcase";s:0:"";s:15:"block_promotion";s:0:"";s:16:"block_footer_top";s:0:"";s:19:"block_footer_center";s:0:"";s:19:"block_footer_bottom";s:0:"";s:10:"custom_css";s:0:"";s:17:"custom_javascript";s:0:"";}', 1),
(0, 'pavmegamenu_params', 'params', '[{"id":2,"group":0,"cols":3,"subwidth":850,"submenu":1,"rows":[{"cols":[{"type":"menu","colwidth":6},{"type":"menu","colwidth":6},{"type":"menu","colwidth":6}]}]},{"id":8,"group":1,"cols":1,"submenu":1,"rows":[]},{"id":12,"group":0,"cols":1,"submenu":1,"rows":[{"cols":[{"type":"menu","colwidth":12}]}]},{"id":9,"group":1,"cols":1,"submenu":1,"rows":[]},{"submenu":1,"id":3,"subwidth":700,"group":0,"cols":4,"rows":[{"cols":[{"type":"menu","colwidth":6},{"type":"menu","colwidth":6},{"type":"menu","colwidth":6}]}]},{"id":57,"group":1,"cols":1,"submenu":1,"rows":[]},{"id":70,"group":1,"cols":1,"submenu":1,"rows":[]},{"id":5,"group":0,"cols":1,"submenu":1,"rows":[{"cols":[{"type":"menu","colwidth":12}]}]},{"id":7,"group":0,"cols":1,"subwidth":700,"submenu":1,"rows":[{"cols":[{"widgets":"wid-2","colwidth":6},{"widgets":"wid-7","colwidth":6}]}]}]', 0);

-- --------------------------------------------------------

--
-- Table structure for table `extension`
--

CREATE TABLE IF NOT EXISTS `extension` (
  `extension_id` int(11) NOT NULL AUTO_INCREMENT,
  `type` varchar(32) NOT NULL,
  `code` varchar(32) NOT NULL,
  PRIMARY KEY (`extension_id`)
) ENGINE=MyISAM  DEFAULT CHARSET=utf8 AUTO_INCREMENT=445 ;

--
-- Dumping data for table `extension`
--

INSERT INTO `extension` (`type`, `code`) VALUES
('module', 'banner'),
('module', 'carousel'),
('module', 'category'),
('module', 'affiliate'),
('module', 'account'),
('module', 'featured'),
('module', 'themecontrol'),
('module', 'pavcontentslider'),
('module', 'pavcustom'),
('module', 'pavproducttabs'),
--('module', 'pavmegamenu'),
('module', 'latest'),
('module', 'special'),
('module', 'bestseller'),
('module', 'pavblog'),
('module', 'pavblogcategory'),
('module', 'pavblogcomment'),
('module', 'pavbloglatest'),
('module', 'pavproductcarousel');